UniqueID,school,team,block,level,relative_start_time,relative_end_time,60_sec_start_time,60_sec_end_time,level_duration,gold_trophy,silver_trophy,won,GROUPID
CPS2-ASU-T100-ExpBlock1-49.9049,ASU,CPS2-ASU-T100,ExpBlock1,Top spin,49.9049,899.979,840,899,850.0741,0,0,0,10100
CPS2-ASU-T100-ExpBlock2-155.1167,ASU,CPS2-ASU-T100,ExpBlock2,Timing is Everything,155.1167,413.1691,344,403,258.0524,0,1,1,10100
CPS2-ASU-T100-ExpBlock2-19.7534,ASU,CPS2-ASU-T100,ExpBlock2,Scale,19.7534,144.8036,75,134,125.0502,0,1,1,10100
CPS2-ASU-T100-ExpBlock2-419.7154,ASU,CPS2-ASU-T100,ExpBlock2,Green Apple,419.7154,496.1897,427,486,76.4743,0,1,1,10100
CPS2-ASU-T100-ExpBlock2-506.7689,ASU,CPS2-ASU-T100,ExpBlock2,Fe2,506.7689,900.046,840,899,393.2771,0,0,0,10100
CPS2-ASU-T102-ExpBlock1-110.95200000000001,ASU,CPS2-ASU-T102,ExpBlock1,Timing is Everything,110.952,196.4713,127,186,85.5193,1,0,1,10102
CPS2-ASU-T102-ExpBlock1-232.0904,ASU,CPS2-ASU-T102,ExpBlock1,Fe2,232.0904,555.7184,486,545,323.628,0,0,0,10102
CPS2-ASU-T102-ExpBlock1-683.1666,ASU,CPS2-ASU-T102,ExpBlock1,Fe2,683.1666,900.031,840,899,216.8644,0,0,0,10102
CPS2-ASU-T102-ExpBlock2-191.4144,ASU,CPS2-ASU-T102,ExpBlock2,Fe2,191.4144,279.9308,210,269,88.5164,1,0,1,10102
CPS2-ASU-T102-ExpBlock2-332.168,ASU,CPS2-ASU-T102,ExpBlock2,Smiley Mouth,332.168,407.3617,338,397,75.1937,0,1,1,10102
CPS2-ASU-T102-ExpBlock2-411.0479,ASU,CPS2-ASU-T102,ExpBlock2,Smiley Mouth,411.0479,900.008,840,899,488.9601,0,0,0,10102
CPS2-ASU-T102-ExpBlock2-72.222,ASU,CPS2-ASU-T102,ExpBlock2,Timing is Everything,72.222,184.2138,115,174,111.9918,1,0,1,10102
CPS2-ASU-T102-Warmup-284.0201,ASU,CPS2-ASU-T102,Warmup,Yippie!,284.0201,361.2727,292,351,77.2526,0,1,1,10102
CPS2-ASU-T102-Warmup-366.5469,ASU,CPS2-ASU-T102,Warmup,Spider Web,366.5469,506.751,437,496,140.2041,0,1,1,10102
CPS2-ASU-T102-Warmup-511.384,ASU,CPS2-ASU-T102,Warmup,Double Hoppy,511.384,781.7263,712,771,270.3423,0,0,0,10102
CPS2-ASU-T102-Warmup-6.9431,ASU,CPS2-ASU-T102,Warmup,Can Opener,6.9431,278.3849,209,268,271.4418,0,1,1,10102
CPS2-ASU-T102-Warmup-781.7263,ASU,CPS2-ASU-T102,Warmup,Annoying Lever,781.7263,900.034,840,899,118.3077,0,0,0,10102
CPS2-ASU-T103-ExpBlock1-13.0482,ASU,CPS2-ASU-T103,ExpBlock1,Top spin,13.0482,900.004,840,899,886.9558,0,0,0,10103
CPS2-ASU-T103-ExpBlock2-562.8805,ASU,CPS2-ASU-T103,ExpBlock2,Fe2,562.8805,899.997,840,899,337.1165,0,0,0,10103
CPS2-ASU-T103-ExpBlock2-67.1433,ASU,CPS2-ASU-T103,ExpBlock2,Timing is Everything,67.1433,559.3733,490,549,492.23,0,1,1,10103
CPS2-ASU-T103-Warmup-133.859,ASU,CPS2-ASU-T103,Warmup,Spider Web,133.859,286.0747,217,276,152.2157,0,1,1,10103
CPS2-ASU-T103-Warmup-290.3937,ASU,CPS2-ASU-T103,Warmup,Double Hoppy,290.3937,900.013,840,899,609.6193,0,0,0,10103
CPS2-ASU-T104-ExpBlock1-15.2511,ASU,CPS2-ASU-T104,ExpBlock1,Top spin,15.2511,900.006,840,899,884.7549,0,0,0,10104
CPS2-ASU-T104-ExpBlock2-11.6627,ASU,CPS2-ASU-T104,ExpBlock2,Top spin,11.6627,239.1777,170,229,227.515,0,1,1,10104
CPS2-ASU-T104-ExpBlock2-250.5597,ASU,CPS2-ASU-T104,ExpBlock2,Trunk Slide,250.5597,900.027,840,899,649.4673,0,0,0,10104
CPS2-ASU-T104-Warmup-7.3548,ASU,CPS2-ASU-T104,Warmup,Can Opener,7.3548,900.001,840,899,892.6462,0,0,0,10104
CPS2-ASU-T10-ExpBlock1-278.2048,ASU,CPS2-ASU-T10,ExpBlock1,Fe2,278.2048,900.002,840,899,621.7972,0,0,0,1010
CPS2-ASU-T10-ExpBlock1-49.9987,ASU,CPS2-ASU-T10,ExpBlock1,Green Apple,49.9987,162.0673,93,152,112.0686,0,1,1,1010
CPS2-ASU-T10-ExpBlock2-367.5711,ASU,CPS2-ASU-T10,ExpBlock2,Trunk Slide,367.5711,510.6217,441,500,143.0506,0,0,0,1010
CPS2-ASU-T10-ExpBlock2-57.1913,ASU,CPS2-ASU-T10,ExpBlock2,Trunk Slide,57.1913,361.1485,292,351,303.9572,0,1,1,1010
CPS2-ASU-T10-ExpBlock2-580.5728,ASU,CPS2-ASU-T10,ExpBlock2,Dolphin Show,580.5728,900.011,840,899,319.4382,0,0,0,1010
CPS2-ASU-T20-ExpBlock1-370.4105,ASU,CPS2-ASU-T20,ExpBlock1,Think Ahead,370.4105,798.4943,729,788,428.0838,0,1,1,1020
CPS2-ASU-T20-ExpBlock1-61.6512,ASU,CPS2-ASU-T20,ExpBlock1,Top spin,61.6512,363.721,294,353,302.0698,0,1,1,1020
CPS2-ASU-T20-ExpBlock1-809.7732,ASU,CPS2-ASU-T20,ExpBlock1,Caterpillar,809.7732,900.002,840,899,90.2288,0,0,0,1020
CPS2-ASU-T20-ExpBlock2-12.5654,ASU,CPS2-ASU-T20,ExpBlock2,Scale,12.5654,137.492,68,127,124.9266,0,1,1,1020
CPS2-ASU-T20-ExpBlock2-159.0464,ASU,CPS2-ASU-T20,ExpBlock2,Scale,159.0464,252.8599,183,242,93.8135,1,0,1,1020
CPS2-ASU-T20-ExpBlock2-267.9218,ASU,CPS2-ASU-T20,ExpBlock2,Fe2,267.9218,515.671,446,505,247.7492,0,0,0,1020
CPS2-ASU-T20-ExpBlock2-515.6709999999999,ASU,CPS2-ASU-T20,ExpBlock2,Timing is Everything,515.671,589.7952,520,579,74.1242,1,0,1,1020
CPS2-ASU-T20-ExpBlock2-694.6994,ASU,CPS2-ASU-T20,ExpBlock2,Smiley Mouth,694.6994,900.043,840,899,205.3436,0,0,0,1020
CPS2-ASU-T20-Warmup-9.8215,ASU,CPS2-ASU-T20,Warmup,Can Opener,9.8215,900.023,840,899,890.2015,0,0,0,1020
CPS2-ASU-T24-ExpBlock1-147.6062,ASU,CPS2-ASU-T24,ExpBlock1,Dolphin Show,147.6062,386.7688,317,376,239.1626,0,0,0,1024
CPS2-ASU-T24-ExpBlock1-386.7688,ASU,CPS2-ASU-T24,ExpBlock1,Caterpillar,386.7688,572.3532,503,562,185.5844,0,0,0,1024
CPS2-ASU-T24-ExpBlock1-572.3532,ASU,CPS2-ASU-T24,ExpBlock1,Think Ahead,572.3532,899.999,840,899,327.6458,0,0,0,1024
CPS2-ASU-T24-ExpBlock2-186.6325,ASU,CPS2-ASU-T24,ExpBlock2,Scale,186.6325,265.0195,196,255,78.387,1,0,1,1024
CPS2-ASU-T24-ExpBlock2-319.7887,ASU,CPS2-ASU-T24,ExpBlock2,Fe2,319.7887,423.2498,354,413,103.4611,1,0,1,1024
CPS2-ASU-T24-ExpBlock2-475.7789,ASU,CPS2-ASU-T24,ExpBlock2,Smiley Mouth,475.7789,853.7448,784,843,377.9659,0,1,1,1024
CPS2-ASU-T24-Warmup-151.6253,ASU,CPS2-ASU-T24,Warmup,Spider Web,151.6253,253.1816,184,243,101.5563,0,1,1,1024
CPS2-ASU-T24-Warmup-30.3315,ASU,CPS2-ASU-T24,Warmup,Can Opener,30.3315,151.6253,82,141,121.2938,0,0,0,1024
CPS2-ASU-T24-Warmup-329.8831,ASU,CPS2-ASU-T24,Warmup,Double Hoppy,329.8831,579.6198,510,569,249.7367,0,0,0,1024
CPS2-ASU-T24-Warmup-579.6198,ASU,CPS2-ASU-T24,Warmup,Annoying Lever,579.6198,893.9223,824,883,314.3025,0,1,1,1024
CPS2-ASU-T25-ExpBlock1-114.9051,ASU,CPS2-ASU-T25,ExpBlock1,Fe2,114.9051,342.0593,273,332,227.1542,0,0,0,1025
CPS2-ASU-T25-ExpBlock1-342.0593,ASU,CPS2-ASU-T25,ExpBlock1,One at a time,342.0593,471.572,402,461,129.5127,0,1,1,1025
CPS2-ASU-T25-ExpBlock1-518.1632,ASU,CPS2-ASU-T25,ExpBlock1,Green Apple,518.1632,620.3553,551,610,102.1921,0,1,1,1025
CPS2-ASU-T25-ExpBlock1-669.2999,ASU,CPS2-ASU-T25,ExpBlock1,Timing is Everything,669.2999,900.0,840,899,230.7001,0,0,0,1025
CPS2-ASU-T25-ExpBlock2-22.6962,ASU,CPS2-ASU-T25,ExpBlock2,Top spin,22.6962,328.0405,259,318,305.3443,0,0,0,1025
CPS2-ASU-T25-ExpBlock2-355.6559,ASU,CPS2-ASU-T25,ExpBlock2,Cloudy Day,355.6559,880.9842,811,870,525.3283,0,0,0,1025
CPS2-ASU-T25-Warmup-109.2545,ASU,CPS2-ASU-T25,Warmup,Yippie!,109.2545,263.0772,194,253,153.8227,0,1,1,1025
CPS2-ASU-T25-Warmup-274.7057,ASU,CPS2-ASU-T25,Warmup,Can Opener,274.7057,671.1675,602,661,396.4618,0,0,0,1025
CPS2-ASU-T25-Warmup-671.1675,ASU,CPS2-ASU-T25,Warmup,Annoying Lever,671.1675,900.02,840,899,228.8525,0,0,0,1025
CPS2-ASU-T32-ExpBlock1-162.6712,ASU,CPS2-ASU-T32,ExpBlock1,Top spin,162.6712,244.6747,175,234,82.0035,0,1,1,1032
CPS2-ASU-T32-ExpBlock1-248.8153,ASU,CPS2-ASU-T32,ExpBlock1,Trunk Slide,248.8153,350.8249,281,340,102.0096,0,1,1,1032
CPS2-ASU-T32-ExpBlock1-355.5002,ASU,CPS2-ASU-T32,ExpBlock1,Think Ahead,355.5002,899.995,840,899,544.4948,0,0,0,1032
CPS2-ASU-T32-ExpBlock2-10.8057,ASU,CPS2-ASU-T32,ExpBlock2,Scale,10.8057,218.544,149,208,207.7383,0,1,1,1032
CPS2-ASU-T32-ExpBlock2-228.2585,ASU,CPS2-ASU-T32,ExpBlock2,Timing is Everything,228.2585,824.078,755,814,595.8195,0,1,1,1032
CPS2-ASU-T32-ExpBlock2-831.9886,ASU,CPS2-ASU-T32,ExpBlock2,Fe2,831.9886,900.006,840,899,68.0174,0,0,0,1032
CPS2-ASU-T32-Warmup-168.2753,ASU,CPS2-ASU-T32,Warmup,Can Opener,168.2753,404.4669,335,394,236.1916,0,1,1,1032
CPS2-ASU-T32-Warmup-537.305,ASU,CPS2-ASU-T32,Warmup,Yippie!,537.305,676.995,607,666,139.69,0,1,1,1032
CPS2-ASU-T32-Warmup-684.2016,ASU,CPS2-ASU-T32,Warmup,Double Hoppy,684.2016,900.006,840,899,215.8044,0,0,0,1032
CPS2-ASU-T34-ExpBlock1-111.6855,ASU,CPS2-ASU-T34,ExpBlock1,Timing is Everything,111.6855,324.2248,255,314,212.5393,0,0,0,1034
CPS2-ASU-T34-ExpBlock1-324.2248,ASU,CPS2-ASU-T34,ExpBlock1,Fe2,324.2248,620.4233,551,610,296.1985,0,1,1,1034
CPS2-ASU-T34-ExpBlock1-699.706,ASU,CPS2-ASU-T34,ExpBlock1,Timing is Everything,699.706,814.9843,745,804,115.2783,0,1,1,1034
CPS2-ASU-T34-ExpBlock2-21.5376,ASU,CPS2-ASU-T34,ExpBlock2,Top spin,21.5376,497.4698,428,487,475.9322,0,1,1,1034
CPS2-ASU-T34-ExpBlock2-523.2273,ASU,CPS2-ASU-T34,ExpBlock2,Trunk Slide,523.2273,838.6258,769,828,315.3985,0,0,0,1034
CPS2-ASU-T34-ExpBlock2-838.6258,ASU,CPS2-ASU-T34,ExpBlock2,Cloudy Day,838.6258,900.003,840,899,61.3772,0,0,0,1034
CPS2-ASU-T34-Warmup-384.2733,ASU,CPS2-ASU-T34,Warmup,Annoying Lever,384.2733,663.4273,594,653,279.154,0,0,0,1034
CPS2-ASU-T34-Warmup-69.1236,ASU,CPS2-ASU-T34,Warmup,Can Opener,69.1236,335.8597,266,325,266.7361,0,0,0,1034
CPS2-ASU-T34-Warmup-694.9325,ASU,CPS2-ASU-T34,Warmup,Yippie!,694.9325,900.011,840,899,205.0785,0,0,0,1034
CPS2-ASU-T35-ExpBlock1-19.6949,ASU,CPS2-ASU-T35,ExpBlock1,Trunk Slide,19.6949,463.9962,394,453,444.3013,0,0,0,1035
CPS2-ASU-T35-ExpBlock1-463.9962,ASU,CPS2-ASU-T35,ExpBlock1,Cloudy Day,463.9962,826.1764,757,816,362.1802,1,0,1,1035
CPS2-ASU-T35-ExpBlock1-838.4098,ASU,CPS2-ASU-T35,ExpBlock1,Uphill Battle,838.4098,899.996,840,899,61.5862,0,0,0,1035
CPS2-ASU-T35-ExpBlock2-314.6716,ASU,CPS2-ASU-T35,ExpBlock2,Timing is Everything,314.6716,421.4485,352,411,106.7769,0,1,1,1035
CPS2-ASU-T35-ExpBlock2-468.5776,ASU,CPS2-ASU-T35,ExpBlock2,Green Apple,468.5776,900.018,840,899,431.4404,0,0,0,1035
CPS2-ASU-T35-ExpBlock2-52.696000000000005,ASU,CPS2-ASU-T35,ExpBlock2,Fe2,52.696,307.0765,238,297,254.3805,0,0,0,1035
CPS2-ASU-T35-Warmup-200.3346,ASU,CPS2-ASU-T35,Warmup,Yippie!,200.3346,597.743,528,587,397.4084,1,0,1,1035
CPS2-ASU-T35-Warmup-43.4564,ASU,CPS2-ASU-T35,Warmup,Can Opener,43.4564,200.3346,131,190,156.8782,0,0,0,1035
CPS2-ASU-T35-Warmup-612.5988,ASU,CPS2-ASU-T35,Warmup,Annoying Lever,612.5988,900.012,840,899,287.4132,0,0,0,1035
CPS2-ASU-T36-ExpBlock1-17.49,ASU,CPS2-ASU-T36,ExpBlock1,Think Ahead,17.49,635.9645,566,625,618.4745,0,0,0,1036
CPS2-ASU-T36-ExpBlock1-635.9645,ASU,CPS2-ASU-T36,ExpBlock1,Cloudy Day,635.9645,900.017,840,899,264.0525,0,0,0,1036
CPS2-ASU-T36-ExpBlock2-122.0259,ASU,CPS2-ASU-T36,ExpBlock2,Green Apple,122.0259,245.0158,176,235,122.9899,0,1,1,1036
CPS2-ASU-T36-ExpBlock2-296.975,ASU,CPS2-ASU-T36,ExpBlock2,One at a time,296.975,444.8952,375,434,147.9202,0,1,1,1036
CPS2-ASU-T36-ExpBlock2-475.3954,ASU,CPS2-ASU-T36,ExpBlock2,Scale,475.3954,547.1788,478,537,71.7834,0,0,0,1036
CPS2-ASU-T36-ExpBlock2-547.1788,ASU,CPS2-ASU-T36,ExpBlock2,Timing is Everything,547.1788,640.2626,571,630,93.0838,1,0,1,1036
CPS2-ASU-T36-ExpBlock2-652.6632,ASU,CPS2-ASU-T36,ExpBlock2,Fe2,652.6632,900.027,840,899,247.3638,0,0,0,1036
CPS2-ASU-T36-Warmup-52.8642,ASU,CPS2-ASU-T36,Warmup,Can Opener,52.8642,591.8567,522,581,538.9925,0,1,1,1036
CPS2-ASU-T36-Warmup-604.8476,ASU,CPS2-ASU-T36,Warmup,Yippie!,604.8476,886.2592,817,876,281.4116,0,1,1,1036
CPS2-ASU-T37-ExpBlock1-65.6177,ASU,CPS2-ASU-T37,ExpBlock1,Fe2,65.6177,757.8351,688,747,692.2174,0,1,1,1037
CPS2-ASU-T37-ExpBlock1-771.1061,ASU,CPS2-ASU-T37,ExpBlock1,Fe2,771.1061,851.6441,782,841,80.538,0,0,0,1037
CPS2-ASU-T37-ExpBlock2-15.6482,ASU,CPS2-ASU-T37,ExpBlock2,Top spin,15.6482,900.011,840,899,884.3628,0,0,0,1037
CPS2-ASU-T37-Warmup-206.9626,ASU,CPS2-ASU-T37,Warmup,Yippie!,206.9626,794.8386,725,784,587.876,0,1,1,1037
CPS2-ASU-T37-Warmup-25.3069,ASU,CPS2-ASU-T37,Warmup,Can Opener,25.3069,193.887,124,183,168.5801,0,1,1,1037
CPS2-ASU-T37-Warmup-804.3905,ASU,CPS2-ASU-T37,Warmup,Spider Web,804.3905,900.006,840,899,95.6155,0,0,0,1037
CPS2-ASU-T38-ExpBlock1-206.0574,ASU,CPS2-ASU-T38,ExpBlock1,Timing is Everything,206.0574,427.0501,358,417,220.9927,0,1,1,1038
CPS2-ASU-T38-ExpBlock1-21.616,ASU,CPS2-ASU-T38,ExpBlock1,Scale,21.616,192.9459,123,182,171.3299,0,1,1,1038
CPS2-ASU-T38-ExpBlock1-558.0027,ASU,CPS2-ASU-T38,ExpBlock1,Fe2,558.0027,809.1553,740,799,251.1526,0,0,0,1038
CPS2-ASU-T38-ExpBlock1-809.1553,ASU,CPS2-ASU-T38,ExpBlock1,Smiley Mouth,809.1553,888.8125,819,878,79.6572,0,1,1,1038
CPS2-ASU-T38-ExpBlock2-15.4403,ASU,CPS2-ASU-T38,ExpBlock2,Top spin,15.4403,501.9539,432,491,486.5136,0,1,1,1038
CPS2-ASU-T38-ExpBlock2-515.0512,ASU,CPS2-ASU-T38,ExpBlock2,Think Ahead,515.0512,853.2238,784,843,338.1726,0,0,0,1038
CPS2-ASU-T38-Warmup-221.9713,ASU,CPS2-ASU-T38,Warmup,Yippie!,221.9713,900.011,840,899,678.0397,0,0,0,1038
CPS2-ASU-T38-Warmup-45.5811,ASU,CPS2-ASU-T38,Warmup,Can Opener,45.5811,221.9713,152,211,176.3902,0,0,0,1038
CPS2-ASU-T39-ExpBlock1-35.2026,ASU,CPS2-ASU-T39,ExpBlock1,Top spin,35.2026,900.017,840,899,864.8144,0,0,0,1039
CPS2-ASU-T39-ExpBlock2-153.5861,ASU,CPS2-ASU-T39,ExpBlock2,Fe2,153.5861,900.002,840,899,746.4159,0,0,0,1039
CPS2-ASU-T39-Warmup-40.6742,ASU,CPS2-ASU-T39,Warmup,Yippie!,40.6742,573.5862,504,563,532.912,0,1,1,1039
CPS2-ASU-T39-Warmup-610.7416,ASU,CPS2-ASU-T39,Warmup,Double Hoppy,610.7416,899.991,840,899,289.2494,0,0,0,1039
CPS2-ASU-T40-ExpBlock1-24.3272,ASU,CPS2-ASU-T40,ExpBlock1,Top spin,24.3272,900.01,840,899,875.6828,0,0,0,1040
CPS2-ASU-T40-ExpBlock2-26.5431,ASU,CPS2-ASU-T40,ExpBlock2,Green Apple,26.5431,378.8854,309,368,352.3423,0,1,1,1040
CPS2-ASU-T40-ExpBlock2-393.2263,ASU,CPS2-ASU-T40,ExpBlock2,Timing is Everything,393.2263,642.5427,573,632,249.3164,0,1,1,1040
CPS2-ASU-T40-ExpBlock2-702.4667,ASU,CPS2-ASU-T40,ExpBlock2,Green Apple,702.4667,774.787,705,764,72.3203,0,0,0,1040
CPS2-ASU-T40-ExpBlock2-826.4517,ASU,CPS2-ASU-T40,ExpBlock2,Smiley Mouth,826.4517,900.006,840,899,73.5543,0,0,0,1040
CPS2-ASU-T40-Warmup-123.55,ASU,CPS2-ASU-T40,Warmup,Can Opener,123.55,543.2578,474,533,419.7078,0,1,1,1040
CPS2-ASU-T40-Warmup-638.9664,ASU,CPS2-ASU-T40,Warmup,Double Hoppy,638.9664,900.014,840,899,261.0476,0,0,0,1040
CPS2-ASU-T41-ExpBlock1-18.8638,ASU,CPS2-ASU-T41,ExpBlock1,Scale,18.8638,136.9548,67,126,118.091,0,1,1,1041
CPS2-ASU-T41-ExpBlock1-213.6077,ASU,CPS2-ASU-T41,ExpBlock1,Fe2,213.6077,831.9872,762,821,618.3795,0,1,1,1041
CPS2-ASU-T41-ExpBlock2-21.6371,ASU,CPS2-ASU-T41,ExpBlock2,Top spin,21.6371,899.983,840,899,878.3459,0,0,0,1041
CPS2-ASU-T41-Warmup-252.1165,ASU,CPS2-ASU-T41,Warmup,Double Hoppy,252.1165,843.5126,774,833,591.3961,0,1,1,1041
CPS2-ASU-T41-Warmup-39.5928,ASU,CPS2-ASU-T41,Warmup,Spider Web,39.5928,243.6962,174,233,204.1034,0,1,1,1041
CPS2-ASU-T42-ExpBlock1-12.8683,ASU,CPS2-ASU-T42,ExpBlock1,Scale,12.8683,263.4803,194,253,250.612,0,1,1,1042
CPS2-ASU-T42-ExpBlock1-361.8016,ASU,CPS2-ASU-T42,ExpBlock1,Timing is Everything,361.8016,900.038,840,899,538.2364,0,0,0,1042
CPS2-ASU-T42-ExpBlock2-235.9129,ASU,CPS2-ASU-T42,ExpBlock2,Caterpillar,235.9129,338.7652,269,328,102.8523,0,0,0,1042
CPS2-ASU-T42-ExpBlock2-338.7652,ASU,CPS2-ASU-T42,ExpBlock2,Think Ahead,338.7652,599.5497,530,589,260.7845,0,0,0,1042
CPS2-ASU-T42-ExpBlock2-599.5497,ASU,CPS2-ASU-T42,ExpBlock2,Dolphin Show,599.5497,896.8096,827,886,297.2599,0,0,0,1042
CPS2-ASU-T42-ExpBlock2-82.0043,ASU,CPS2-ASU-T42,ExpBlock2,Trunk Slide,82.0043,230.2519,161,220,148.2476,0,1,1,1042
CPS2-ASU-T42-Warmup-101.045,ASU,CPS2-ASU-T42,Warmup,Can Opener,101.045,900.028,840,899,798.983,0,0,0,1042
CPS2-ASU-T43-ExpBlock1-430.8348,ASU,CPS2-ASU-T43,ExpBlock1,Cloudy Day,430.8348,593.7085,524,583,162.8737,1,0,1,1043
CPS2-ASU-T43-ExpBlock1-609.654,ASU,CPS2-ASU-T43,ExpBlock1,Uphill Battle,609.654,688.2251,619,678,78.5711,1,0,1,1043
CPS2-ASU-T43-ExpBlock1-804.2085,ASU,CPS2-ASU-T43,ExpBlock1,Top spin,804.2085,882.9847,813,872,78.7762,0,0,0,1043
CPS2-ASU-T43-ExpBlock1-89.535,ASU,CPS2-ASU-T43,ExpBlock1,Think Ahead,89.535,430.8348,361,420,341.2998,0,0,0,1043
CPS2-ASU-T43-ExpBlock2-239.74900000000002,ASU,CPS2-ASU-T43,ExpBlock2,One at a time,239.749,314.8717,245,304,75.1227,1,0,1,1043
CPS2-ASU-T43-ExpBlock2-325.3963,ASU,CPS2-ASU-T43,ExpBlock2,Smiley Mouth,325.3963,431.5024,362,421,106.1061,1,0,1,1043
CPS2-ASU-T43-ExpBlock2-511.8487,ASU,CPS2-ASU-T43,ExpBlock2,Fe2,511.8487,611.4517,542,601,99.603,0,0,0,1043
CPS2-ASU-T43-ExpBlock2-611.4517,ASU,CPS2-ASU-T43,ExpBlock2,Timing is Everything,611.4517,768.6247,699,758,157.173,1,0,1,1043
CPS2-ASU-T43-ExpBlock2-75.8904,ASU,CPS2-ASU-T43,ExpBlock2,Scale,75.8904,160.568,91,150,84.6776,1,0,1,1043
CPS2-ASU-T43-ExpBlock2-782.1388,ASU,CPS2-ASU-T43,ExpBlock2,Fe2,782.1388,900.029,840,899,117.8902,0,0,0,1043
CPS2-ASU-T43-Warmup-178.6136,ASU,CPS2-ASU-T43,Warmup,Yippie!,178.6136,413.344,344,403,234.7304,0,1,1,1043
CPS2-ASU-T43-Warmup-32.9621,ASU,CPS2-ASU-T43,Warmup,Can Opener,32.9621,178.6136,109,168,145.6515,0,0,0,1043
CPS2-ASU-T43-Warmup-435.5655,ASU,CPS2-ASU-T43,Warmup,Spider Web,435.5655,793.7696,724,783,358.2041,0,1,1,1043
CPS2-ASU-T43-Warmup-838.5263,ASU,CPS2-ASU-T43,Warmup,Annoying Lever,838.5263,900.008,840,899,61.4817,0,0,0,1043
CPS2-ASU-T44-ExpBlock1-31.8175,ASU,CPS2-ASU-T44,ExpBlock1,Top spin,31.8175,448.1376,379,438,416.3201,0,1,1,1044
CPS2-ASU-T44-ExpBlock1-453.6985,ASU,CPS2-ASU-T44,ExpBlock1,Think Ahead,453.6985,900.008,840,899,446.3095,0,0,0,1044
CPS2-ASU-T44-ExpBlock2-249.2044,ASU,CPS2-ASU-T44,ExpBlock2,Smiley Mouth,249.2044,361.983,292,351,112.7786,1,0,1,1044
CPS2-ASU-T44-ExpBlock2-370.8981,ASU,CPS2-ASU-T44,ExpBlock2,Scale,370.8981,464.2778,395,454,93.3797,1,0,1,1044
CPS2-ASU-T44-ExpBlock2-470.7766,ASU,CPS2-ASU-T44,ExpBlock2,Timing is Everything,470.7766,607.4173,538,597,136.6407,0,0,0,1044
CPS2-ASU-T44-ExpBlock2-616.4776,ASU,CPS2-ASU-T44,ExpBlock2,Fe2,616.4776,765.9157,696,755,149.4381,1,0,1,1044
CPS2-ASU-T44-ExpBlock2-777.8439999999999,ASU,CPS2-ASU-T44,ExpBlock2,Timing is Everything,777.844,900.009,840,899,122.165,0,0,0,1044
CPS2-ASU-T44-Warmup-39.0927,ASU,CPS2-ASU-T44,Warmup,Can Opener,39.0927,757.1712,688,747,718.0785,0,1,1,1044
CPS2-ASU-T44-Warmup-765.3656,ASU,CPS2-ASU-T44,Warmup,Yippie!,765.3656,899.993,840,899,134.6274,0,0,0,1044
CPS2-ASU-T45-ExpBlock1-146.4001,ASU,CPS2-ASU-T45,ExpBlock1,Fe2,146.4001,497.134,428,487,350.7339,1,0,1,1045
CPS2-ASU-T45-ExpBlock1-558.0681,ASU,CPS2-ASU-T45,ExpBlock1,Timing is Everything,558.0681,705.1812,636,695,147.1131,1,0,1,1045
CPS2-ASU-T45-ExpBlock1-712.3621,ASU,CPS2-ASU-T45,ExpBlock1,Green Apple,712.3621,834.579,765,824,122.2169,1,0,1,1045
CPS2-ASU-T45-ExpBlock1-9.862,ASU,CPS2-ASU-T45,ExpBlock1,Scale,9.862,141.0496,72,131,131.1876,1,0,1,1045
CPS2-ASU-T45-ExpBlock2-11.4062,ASU,CPS2-ASU-T45,ExpBlock2,Top spin,11.4062,728.0092,659,718,716.603,0,1,1,1045
CPS2-ASU-T45-ExpBlock2-735.8197,ASU,CPS2-ASU-T45,ExpBlock2,Think Ahead,735.8197,899.999,840,899,164.1793,0,0,0,1045
CPS2-ASU-T45-Warmup-128.8803,ASU,CPS2-ASU-T45,Warmup,Can Opener,128.8803,724.2768,655,714,595.3965,0,1,1,1045
CPS2-ASU-T45-Warmup-737.8933,ASU,CPS2-ASU-T45,Warmup,Spider Web,737.8933,899.997,840,899,162.1037,0,0,0,1045
CPS2-ASU-T46-ExpBlock1-109.5956,ASU,CPS2-ASU-T46,ExpBlock1,Fe2,109.5956,900.009,840,899,790.4134,0,0,0,1046
CPS2-ASU-T46-ExpBlock2-45.7482,ASU,CPS2-ASU-T46,ExpBlock2,Dolphin Show,45.7482,900.012,840,899,854.2638,0,0,0,1046
CPS2-ASU-T46-Warmup-366.8874,ASU,CPS2-ASU-T46,Warmup,Yippie!,366.8874,860.4064,791,850,493.519,0,1,1,1046
CPS2-ASU-T46-Warmup-69.0921,ASU,CPS2-ASU-T46,Warmup,Can Opener,69.0921,360.86,291,350,291.7679,0,1,1,1046
CPS2-ASU-T47-ExpBlock1-127.6323,ASU,CPS2-ASU-T47,ExpBlock1,Top spin,127.6323,471.6882,402,461,344.0559,0,0,0,1047
CPS2-ASU-T47-ExpBlock1-491.3096,ASU,CPS2-ASU-T47,ExpBlock1,Trunk Slide,491.3096,892.1608,823,882,400.8512,0,1,1,1047
CPS2-ASU-T47-ExpBlock2-109.2262,ASU,CPS2-ASU-T47,ExpBlock2,Timing is Everything,109.2262,278.979,209,268,169.7528,1,0,1,1047
CPS2-ASU-T47-ExpBlock2-298.0918,ASU,CPS2-ASU-T47,ExpBlock2,Smiley Mouth,298.0918,518.2399,449,508,220.1481,1,0,1,1047
CPS2-ASU-T47-ExpBlock2-630.7105,ASU,CPS2-ASU-T47,ExpBlock2,Fe2,630.7105,900.019,840,899,269.3085,0,0,0,1047
CPS2-ASU-T47-Warmup-27.1961,ASU,CPS2-ASU-T47,Warmup,Spider Web,27.1961,566.977,497,556,539.7809,0,1,1,1047
CPS2-ASU-T47-Warmup-576.8173,ASU,CPS2-ASU-T47,Warmup,Can Opener,576.8173,900.01,840,899,323.1927,0,0,0,1047
CPS2-ASU-T50-ExpBlock1-12.1766,ASU,CPS2-ASU-T50,ExpBlock1,Scale,12.1766,161.1587,92,151,148.9821,0,1,1,1050
CPS2-ASU-T50-ExpBlock1-168.3593,ASU,CPS2-ASU-T50,ExpBlock1,Timing is Everything,168.3593,447.2123,378,437,278.853,1,0,1,1050
CPS2-ASU-T50-ExpBlock1-527.5388,ASU,CPS2-ASU-T50,ExpBlock1,Fe2,527.5388,621.5005,552,611,93.9617,0,0,0,1050
CPS2-ASU-T50-ExpBlock1-621.5005,ASU,CPS2-ASU-T50,ExpBlock1,One at a time,621.5005,828.1296,759,818,206.6291,0,1,1,1050
CPS2-ASU-T50-ExpBlock2-15.8802,ASU,CPS2-ASU-T50,ExpBlock2,Top spin,15.8802,900.027,840,899,884.1468,0,0,0,1050
CPS2-ASU-T50-Warmup-52.0343,ASU,CPS2-ASU-T50,Warmup,Can Opener,52.0343,900.024,840,899,847.9897,0,0,0,1050
CPS2-ASU-T51-ExpBlock1-9.7413,ASU,CPS2-ASU-T51,ExpBlock1,Top spin,9.7413,900.011,840,899,890.2697,0,0,0,1051
CPS2-ASU-T51-ExpBlock2-28.6924,ASU,CPS2-ASU-T51,ExpBlock2,Timing is Everything,28.6924,471.8604,402,461,443.168,0,1,1,1051
CPS2-ASU-T51-ExpBlock2-478.1248,ASU,CPS2-ASU-T51,ExpBlock2,Fe2,478.1248,837.8023,768,827,359.6775,0,1,1,1051
CPS2-ASU-T51-Warmup-21.8617,ASU,CPS2-ASU-T51,Warmup,Can Opener,21.8617,900.0,840,899,878.1383,0,0,0,1051
CPS2-ASU-T52-ExpBlock1-422.1186,ASU,CPS2-ASU-T52,ExpBlock1,Trunk Slide,422.1186,536.1176,467,526,113.999,0,1,1,1052
CPS2-ASU-T52-ExpBlock1-540.7574,ASU,CPS2-ASU-T52,ExpBlock1,Caterpillar,540.7574,900.018,840,899,359.2606,0,0,0,1052
CPS2-ASU-T52-ExpBlock1-8.8604,ASU,CPS2-ASU-T52,ExpBlock1,Top spin,8.8604,415.68,346,405,406.8196,0,1,1,1052
CPS2-ASU-T52-ExpBlock2-20.189,ASU,CPS2-ASU-T52,ExpBlock2,Scale,20.189,121.0515,52,111,100.8625,0,1,1,1052
CPS2-ASU-T52-ExpBlock2-217.6376,ASU,CPS2-ASU-T52,ExpBlock2,Smiley Mouth,217.6376,539.6778,470,529,322.0402,1,0,1,1052
CPS2-ASU-T52-Warmup-117.3044,ASU,CPS2-ASU-T52,Warmup,Can Opener,117.3044,465.9673,396,455,348.6629,0,1,1,1052
CPS2-ASU-T52-Warmup-475.3507,ASU,CPS2-ASU-T52,Warmup,Yippie!,475.3507,581.9578,512,571,106.6071,0,1,1,1052
CPS2-ASU-T52-Warmup-646.0966,ASU,CPS2-ASU-T52,Warmup,Double Hoppy,646.0966,900.016,840,899,253.9194,0,0,0,1052
CPS2-ASU-T54-ExpBlock1-129.0,ASU,CPS2-ASU-T54,ExpBlock1,Green Apple,129.0,212.0,143,202,83.0,0,1,1,1054
CPS2-ASU-T54-ExpBlock1-218.0,ASU,CPS2-ASU-T54,ExpBlock1,Fe2,218.0,627.0,558,617,409.0,0,0,0,1054
CPS2-ASU-T54-ExpBlock1-48.0,ASU,CPS2-ASU-T54,ExpBlock1,Timing is Everything,48.0,121.0,52,111,73.0,0,1,1,1054
CPS2-ASU-T54-ExpBlock1-627.0,ASU,CPS2-ASU-T54,ExpBlock1,Smiley Mouth,627.0,748.0,679,738,121.0,1,0,1,1054
CPS2-ASU-T54-ExpBlock1-792.0,ASU,CPS2-ASU-T54,ExpBlock1,Fe2,792.0,899.0,840,899,107.0,0,0,0,1054
CPS2-ASU-T54-Warmup-418.3055,ASU,CPS2-ASU-T54,Warmup,Yippie!,418.3055,524.7147,455,514,106.4092,0,1,1,1054
CPS2-ASU-T54-Warmup-531.6945,ASU,CPS2-ASU-T54,Warmup,Spider Web,531.6945,627.7705,558,617,96.076,0,1,1,1054
CPS2-ASU-T54-Warmup-57.7458,ASU,CPS2-ASU-T54,Warmup,Can Opener,57.7458,410.6812,341,400,352.9354,0,1,1,1054
CPS2-ASU-T54-Warmup-633.4356,ASU,CPS2-ASU-T54,Warmup,Double Hoppy,633.4356,900.007,840,899,266.5714,0,0,0,1054
CPS2-ASU-T56-ExpBlock1-30.0425,ASU,CPS2-ASU-T56,ExpBlock1,Top spin,30.0425,893.3572,824,883,863.3147,0,1,1,1056
CPS2-ASU-T56-ExpBlock2-138.7884,ASU,CPS2-ASU-T56,ExpBlock2,Timing is Everything,138.7884,351.2222,282,341,212.4338,0,1,1,1056
CPS2-ASU-T56-ExpBlock2-394.0724,ASU,CPS2-ASU-T56,ExpBlock2,Fe2,394.0724,572.5182,503,562,178.4458,1,0,1,1056
CPS2-ASU-T56-Warmup-49.2643,ASU,CPS2-ASU-T56,Warmup,Can Opener,49.2643,613.9104,544,603,564.6461,0,0,0,1056
CPS2-ASU-T56-Warmup-613.9104,ASU,CPS2-ASU-T56,Warmup,Yippie!,613.9104,900.026,840,899,286.1156,0,0,0,1056
CPS2-ASU-T59-ExpBlock1-28.5745,ASU,CPS2-ASU-T59,ExpBlock1,Cloudy Day,28.5745,846.9218,777,836,818.3473,0,1,1,1059
CPS2-ASU-T59-ExpBlock2-536.589,ASU,CPS2-ASU-T59,ExpBlock2,Green Apple,536.589,613.4092,544,603,76.8202,0,1,1,1059
CPS2-ASU-T59-ExpBlock2-666.3258,ASU,CPS2-ASU-T59,ExpBlock2,Smiley Mouth,666.3258,900.001,840,899,233.6752,0,0,0,1059
CPS2-ASU-T59-ExpBlock2-86.4373,ASU,CPS2-ASU-T59,ExpBlock2,Timing is Everything,86.4373,528.3582,459,518,441.9209,0,1,1,1059
CPS2-ASU-T59-Warmup-96.3942,ASU,CPS2-ASU-T59,Warmup,Spider Web,96.3942,900.0,840,899,803.6058,0,0,0,1059
CPS2-ASU-T60-ExpBlock1-17.6414,ASU,CPS2-ASU-T60,ExpBlock1,Top spin,17.6414,900.008,840,899,882.3666,0,0,0,1060
CPS2-ASU-T60-ExpBlock2-365.2318,ASU,CPS2-ASU-T60,ExpBlock2,Timing is Everything,365.2318,900.001,840,899,534.7692,0,0,0,1060
CPS2-ASU-T60-ExpBlock2-54.4305,ASU,CPS2-ASU-T60,ExpBlock2,Fe2,54.4305,350.0084,281,340,295.5779,1,0,1,1060
CPS2-ASU-T60-Warmup-34.8154,ASU,CPS2-ASU-T60,Warmup,Yippie!,34.8154,613.5693,544,603,578.7539,1,0,1,1060
CPS2-ASU-T60-Warmup-629.7493,ASU,CPS2-ASU-T60,Warmup,Spider Web,629.7493,900.036,840,899,270.2867,0,0,0,1060
CPS2-ASU-T61-ExpBlock1-147.5895,ASU,CPS2-ASU-T61,ExpBlock1,Timing is Everything,147.5895,679.421,610,669,531.8315,0,1,1,1061
CPS2-ASU-T61-ExpBlock1-729.1787,ASU,CPS2-ASU-T61,ExpBlock1,Fe2,729.1787,900.001,840,899,170.8223,0,0,0,1061
CPS2-ASU-T61-ExpBlock1-8.6189,ASU,CPS2-ASU-T61,ExpBlock1,Scale,8.6189,97.6753,28,87,89.0564,0,1,1,1061
CPS2-ASU-T61-ExpBlock2-10.6845,ASU,CPS2-ASU-T61,ExpBlock2,Top spin,10.6845,366.5678,297,356,355.8833,0,1,1,1061
CPS2-ASU-T61-ExpBlock2-377.1008,ASU,CPS2-ASU-T61,ExpBlock2,Trunk Slide,377.1008,533.1129,464,523,156.0121,0,1,1,1061
CPS2-ASU-T61-ExpBlock2-538.7248,ASU,CPS2-ASU-T61,ExpBlock2,Think Ahead,538.7248,900.011,840,899,361.2862,0,0,0,1061
CPS2-ASU-T61-Warmup-507.7865,ASU,CPS2-ASU-T61,Warmup,Can Opener,507.7865,768.2281,699,758,260.4416,0,0,0,1061
CPS2-ASU-T61-Warmup-56.7074,ASU,CPS2-ASU-T61,Warmup,Yippie!,56.7074,489.3803,420,479,432.6729,0,1,1,1061
CPS2-ASU-T61-Warmup-839.9585,ASU,CPS2-ASU-T61,Warmup,Annoying Lever,839.9585,900.011,840,899,60.0525,0,0,0,1061
CPS2-ASU-T62-ExpBlock1-183.2709,ASU,CPS2-ASU-T62,ExpBlock1,Fe2,183.2709,590.9035,521,580,407.6326,0,1,1,1062
CPS2-ASU-T62-ExpBlock1-632.635,ASU,CPS2-ASU-T62,ExpBlock1,One at a time,632.635,795.3476,726,785,162.7126,0,1,1,1062
CPS2-ASU-T62-ExpBlock1-8.9634,ASU,CPS2-ASU-T62,ExpBlock1,Scale,8.9634,83.0757,14,73,74.1123,0,1,1,1062
CPS2-ASU-T62-ExpBlock1-89.8439,ASU,CPS2-ASU-T62,ExpBlock1,Timing is Everything,89.8439,178.429,109,168,88.5851,0,1,1,1062
CPS2-ASU-T62-ExpBlock2-327.9581,ASU,CPS2-ASU-T62,ExpBlock2,Trunk Slide,327.9581,455.0,386,445,127.0419,0,1,1,1062
CPS2-ASU-T62-ExpBlock2-519.0832,ASU,CPS2-ASU-T62,ExpBlock2,Dolphin Show,519.0832,841.195,772,831,322.1118,0,0,0,1062
CPS2-ASU-T62-ExpBlock2-6.7253,ASU,CPS2-ASU-T62,ExpBlock2,Top spin,6.7253,252.4204,183,242,245.6951,0,0,0,1062
CPS2-ASU-T62-Warmup-40.1311,ASU,CPS2-ASU-T62,Warmup,Can Opener,40.1311,900.02,840,899,859.8889,0,0,0,1062
CPS2-ASU-T67-ExpBlock1-44.547,ASU,CPS2-ASU-T67,ExpBlock1,Think Ahead,44.547,900.01,840,899,855.463,0,0,0,1067
CPS2-ASU-T67-ExpBlock2-207.1653,ASU,CPS2-ASU-T67,ExpBlock2,Scale,207.1653,340.1468,271,330,132.9815,0,1,1,1067
CPS2-ASU-T67-ExpBlock2-347.8919,ASU,CPS2-ASU-T67,ExpBlock2,Timing is Everything,347.8919,486.4022,417,476,138.5103,1,0,1,1067
CPS2-ASU-T67-ExpBlock2-43.1854,ASU,CPS2-ASU-T67,ExpBlock2,Green Apple,43.1854,144.3566,75,134,101.1712,1,0,1,1067
CPS2-ASU-T67-ExpBlock2-526.3614,ASU,CPS2-ASU-T67,ExpBlock2,Fe2,526.3614,900.01,840,899,373.6486,0,0,0,1067
CPS2-ASU-T67-Warmup-257.9493,ASU,CPS2-ASU-T67,Warmup,Double Hoppy,257.9493,739.7374,670,729,481.7881,0,1,1,1067
CPS2-ASU-T67-Warmup-786.0806,ASU,CPS2-ASU-T67,Warmup,Yippie!,786.0806,900.009,840,899,113.9284,0,0,0,1067
CPS2-ASU-T68-ExpBlock1-12.9103,ASU,CPS2-ASU-T68,ExpBlock1,Top spin,12.9103,899.992,840,899,887.0817,0,0,0,1068
CPS2-ASU-T68-ExpBlock2-39.306999999999995,ASU,CPS2-ASU-T68,ExpBlock2,Timing is Everything,39.307,876.9347,807,866,837.6277,0,1,1,1068
CPS2-ASU-T68-Warmup-135.6575,ASU,CPS2-ASU-T68,Warmup,Can Opener,135.6575,220.5949,151,210,84.9374,0,0,0,1068
CPS2-ASU-T68-Warmup-220.5949,ASU,CPS2-ASU-T68,Warmup,Yippie!,220.5949,451.842,382,441,231.2471,1,0,1,1068
CPS2-ASU-T68-Warmup-28.8189,ASU,CPS2-ASU-T68,Warmup,Can Opener,28.8189,129.0258,60,119,100.2069,1,0,1,1068
CPS2-ASU-T68-Warmup-486.9749,ASU,CPS2-ASU-T68,Warmup,Double Hoppy,486.9749,900.026,840,899,413.0511,0,0,0,1068
CPS2-ASU-T69-ExpBlock1-12.2483,ASU,CPS2-ASU-T69,ExpBlock1,Scale,12.2483,134.7144,65,124,122.4661,0,1,1,1069
CPS2-ASU-T69-ExpBlock1-147.7265,ASU,CPS2-ASU-T69,ExpBlock1,Scale,147.7265,254.4318,185,244,106.7053,0,0,0,1069
CPS2-ASU-T69-ExpBlock1-254.4318,ASU,CPS2-ASU-T69,ExpBlock1,Fe2,254.4318,839.1323,770,829,584.7005,0,1,1,1069
CPS2-ASU-T69-ExpBlock2-389.4383,ASU,CPS2-ASU-T69,ExpBlock2,Think Ahead,389.4383,628.1046,559,618,238.6663,0,0,0,1069
CPS2-ASU-T69-ExpBlock2-639.5672,ASU,CPS2-ASU-T69,ExpBlock2,Trunk Slide,639.5672,900.026,840,899,260.4588,0,0,0,1069
CPS2-ASU-T69-ExpBlock2-8.8849,ASU,CPS2-ASU-T69,ExpBlock2,Top spin,8.8849,389.4383,320,379,380.5534,0,0,0,1069
CPS2-ASU-T69-Warmup-318.7303,ASU,CPS2-ASU-T69,Warmup,Yippie!,318.7303,412.0245,343,402,93.2942,0,1,1,1069
CPS2-ASU-T69-Warmup-447.4324,ASU,CPS2-ASU-T69,Warmup,Annoying Lever,447.4324,900.012,840,899,452.5796,0,0,0,1069
CPS2-ASU-T69-Warmup-48.317,ASU,CPS2-ASU-T69,Warmup,Can Opener,48.317,309.8059,240,299,261.4889,0,1,1,1069
CPS2-ASU-T70-ExpBlock1-339.9995,ASU,CPS2-ASU-T70,ExpBlock1,Scale,339.9995,534.5362,465,524,194.5367,0,1,1,1070
CPS2-ASU-T70-ExpBlock1-47.7411,ASU,CPS2-ASU-T70,ExpBlock1,Timing is Everything,47.7411,339.9995,270,329,292.2584,0,0,0,1070
CPS2-ASU-T70-ExpBlock1-560.3059,ASU,CPS2-ASU-T70,ExpBlock1,Green Apple,560.3059,675.5676,606,665,115.2617,0,1,1,1070
CPS2-ASU-T70-ExpBlock1-683.1185,ASU,CPS2-ASU-T70,ExpBlock1,One at a time,683.1185,793.5001,724,783,110.3816,1,0,1,1070
CPS2-ASU-T70-ExpBlock1-799.7919,ASU,CPS2-ASU-T70,ExpBlock1,Smiley Mouth,799.7919,900.032,840,899,100.2401,0,0,0,1070
CPS2-ASU-T70-ExpBlock2-13.529000000000002,ASU,CPS2-ASU-T70,ExpBlock2,Trunk Slide,13.529,131.7903,62,121,118.2613,0,0,0,1070
CPS2-ASU-T70-ExpBlock2-131.7903,ASU,CPS2-ASU-T70,ExpBlock2,Cloudy Day,131.7903,238.7293,169,228,106.939,1,0,1,1070
CPS2-ASU-T70-ExpBlock2-384.8341,ASU,CPS2-ASU-T70,ExpBlock2,Uphill Battle,384.8341,472.2618,403,462,87.4277,1,0,1,1070
CPS2-ASU-T70-ExpBlock2-479.9568,ASU,CPS2-ASU-T70,ExpBlock2,Caterpillar,479.9568,772.046,703,762,292.0892,0,1,1,1070
CPS2-ASU-T70-ExpBlock2-785.1374,ASU,CPS2-ASU-T70,ExpBlock2,Think Ahead,785.1374,900.009,840,899,114.8716,0,0,0,1070
CPS2-ASU-T70-Warmup-604.4705,ASU,CPS2-ASU-T70,Warmup,Can Opener,604.4705,900.031,840,899,295.5605,0,0,0,1070
CPS2-ASU-T71-ExpBlock1-39.7174,ASU,CPS2-ASU-T71,ExpBlock1,Top spin,39.7174,900.022,840,899,860.3046,0,0,0,1071
CPS2-ASU-T71-ExpBlock2-105.4165,ASU,CPS2-ASU-T71,ExpBlock2,Fe2,105.4165,208.2076,139,198,102.7911,0,0,0,1071
CPS2-ASU-T71-ExpBlock2-208.2076,ASU,CPS2-ASU-T71,ExpBlock2,Scale,208.2076,313.8479,244,303,105.6403,0,0,0,1071
CPS2-ASU-T71-ExpBlock2-313.8479,ASU,CPS2-ASU-T71,ExpBlock2,One at a time,313.8479,406.1537,337,396,92.3058,1,0,1,1071
CPS2-ASU-T71-ExpBlock2-411.346,ASU,CPS2-ASU-T71,ExpBlock2,Smiley Mouth,411.346,497.1488,428,487,85.8028,0,0,0,1071
CPS2-ASU-T71-ExpBlock2-546.132,ASU,CPS2-ASU-T71,ExpBlock2,Green Apple,546.132,655.7041,586,645,109.5721,1,0,1,1071
CPS2-ASU-T71-ExpBlock2-664.3794,ASU,CPS2-ASU-T71,ExpBlock2,Smiley Mouth,664.3794,789.6006,720,779,125.2212,0,1,1,1071
CPS2-ASU-T71-Warmup-58.9183,ASU,CPS2-ASU-T71,Warmup,Can Opener,58.9183,900.016,840,899,841.0977,0,0,0,1071
CPS2-ASU-T72-ExpBlock1-37.1605,ASU,CPS2-ASU-T72,ExpBlock1,Top spin,37.1605,900.012,840,899,862.8515,0,0,0,1072
CPS2-ASU-T72-Warmup-335.7608,ASU,CPS2-ASU-T72,Warmup,Annoying Lever,335.7608,900.029,840,899,564.2682,0,0,0,1072
CPS2-ASU-T72-Warmup-55.278999999999996,ASU,CPS2-ASU-T72,Warmup,Spider Web,55.279,320.8941,251,310,265.6151,1,0,1,1072
CPS2-ASU-T74-ExpBlock1-206.6555,ASU,CPS2-ASU-T74,ExpBlock1,Timing is Everything,206.6555,900.018,840,899,693.3625,0,0,0,1074
CPS2-ASU-T74-ExpBlock1-44.5138,ASU,CPS2-ASU-T74,ExpBlock1,Scale,44.5138,136.5659,67,126,92.0521,1,0,1,1074
CPS2-ASU-T74-ExpBlock2-13.7874,ASU,CPS2-ASU-T74,ExpBlock2,Top spin,13.7874,900.018,840,899,886.2306,0,0,0,1074
CPS2-ASU-T74-Warmup-22.5886,ASU,CPS2-ASU-T74,Warmup,Can Opener,22.5886,537.9114,468,527,515.3228,0,1,1,1074
CPS2-ASU-T74-Warmup-547.398,ASU,CPS2-ASU-T74,Warmup,Yippie!,547.398,633.4263,564,623,86.0283,0,1,1,1074
CPS2-ASU-T74-Warmup-650.3296,ASU,CPS2-ASU-T74,Warmup,Spider Web,650.3296,899.3971,830,889,249.0675,0,1,1,1074
CPS2-ASU-T75-ExpBlock1-189.8623,ASU,CPS2-ASU-T75,ExpBlock1,Smiley Mouth,189.8623,402.232,333,392,212.3697,0,1,1,1075
CPS2-ASU-T75-ExpBlock1-410.8726,ASU,CPS2-ASU-T75,ExpBlock1,Fe2,410.8726,575.1939,506,565,164.3213,0,1,1,1075
CPS2-ASU-T75-ExpBlock1-697.8223,ASU,CPS2-ASU-T75,ExpBlock1,Timing is Everything,697.8223,808.5745,739,798,110.7522,1,0,1,1075
CPS2-ASU-T75-ExpBlock1-825.5773,ASU,CPS2-ASU-T75,ExpBlock1,Smiley Mouth,825.5773,900.005,840,899,74.4277,0,0,0,1075
CPS2-ASU-T75-ExpBlock2-107.5902,ASU,CPS2-ASU-T75,ExpBlock2,Think Ahead,107.5902,647.2246,578,637,539.6344,0,1,1,1075
CPS2-ASU-T75-ExpBlock2-15.9152,ASU,CPS2-ASU-T75,ExpBlock2,Top spin,15.9152,95.9391,26,85,80.0239,0,1,1,1075
CPS2-ASU-T75-ExpBlock2-660.5196,ASU,CPS2-ASU-T75,ExpBlock2,Uphill Battle,660.5196,889.933,820,879,229.4134,1,0,1,1075
CPS2-ASU-T75-Warmup-243.3183,ASU,CPS2-ASU-T75,Warmup,Spider Web,243.3183,368.5812,299,358,125.2629,1,0,1,1075
CPS2-ASU-T75-Warmup-375.7482,ASU,CPS2-ASU-T75,Warmup,Annoying Lever,375.7482,900.019,840,899,524.2708,0,0,0,1075
CPS2-ASU-T75-Warmup-96.243,ASU,CPS2-ASU-T75,Warmup,Can Opener,96.243,237.6237,168,227,141.3807,0,1,1,1075
CPS2-ASU-T76-ExpBlock1-17.8815,ASU,CPS2-ASU-T76,ExpBlock1,Scale,17.8815,183.0,114,173,165.1185,0,1,1,1076
CPS2-ASU-T76-ExpBlock1-188.7535,ASU,CPS2-ASU-T76,ExpBlock1,Timing is Everything,188.7535,607.1674,538,597,418.4139,0,0,0,1076
CPS2-ASU-T76-ExpBlock1-690.48,ASU,CPS2-ASU-T76,ExpBlock1,Fe2,690.48,900.024,840,899,209.544,0,0,0,1076
CPS2-ASU-T76-ExpBlock2-321.7393,ASU,CPS2-ASU-T76,ExpBlock2,Cloudy Day,321.7393,413.311,344,403,91.5717,0,1,1,1076
CPS2-ASU-T76-ExpBlock2-497.0889,ASU,CPS2-ASU-T76,ExpBlock2,Trunk Slide,497.0889,572.0,503,562,74.9111,0,1,1,1076
CPS2-ASU-T76-ExpBlock2-574.2697,ASU,CPS2-ASU-T76,ExpBlock2,Trunk Slide,574.2697,680.0,611,670,105.7303,0,1,1,1076
CPS2-ASU-T76-ExpBlock2-69.7638,ASU,CPS2-ASU-T76,ExpBlock2,Top spin,69.7638,321.7393,252,311,251.9755,0,0,0,1076
CPS2-ASU-T76-ExpBlock2-725.9037,ASU,CPS2-ASU-T76,ExpBlock2,Think Ahead,725.9037,900.009,840,899,174.1053,0,0,0,1076
CPS2-ASU-T77-ExpBlock1-269.4914,ASU,CPS2-ASU-T77,ExpBlock1,Scale,269.4914,377.0982,308,367,107.6068,0,1,1,1077
CPS2-ASU-T77-ExpBlock1-472.51,ASU,CPS2-ASU-T77,ExpBlock1,Timing is Everything,472.51,900.045,840,899,427.535,0,0,0,1077
CPS2-ASU-T77-ExpBlock2-32.8232,ASU,CPS2-ASU-T77,ExpBlock2,Trunk Slide,32.8232,618.4431,549,608,585.6199,0,0,0,1077
CPS2-ASU-T77-ExpBlock2-637.2994,ASU,CPS2-ASU-T77,ExpBlock2,Think Ahead,637.2994,900.143,840,899,262.8436,0,0,0,1077
CPS2-ASU-T78-ExpBlock1-128.4477,ASU,CPS2-ASU-T78,ExpBlock1,Timing is Everything,128.4477,648.8998,579,638,520.4521,0,1,1,1078
CPS2-ASU-T78-ExpBlock1-24.5199,ASU,CPS2-ASU-T78,ExpBlock1,Scale,24.5199,123.9481,54,113,99.4282,1,0,1,1078
CPS2-ASU-T78-ExpBlock1-653.2255,ASU,CPS2-ASU-T78,ExpBlock1,Fe2,653.2255,900.007,840,899,246.7815,0,0,0,1078
CPS2-ASU-T78-ExpBlock2-12.3534,ASU,CPS2-ASU-T78,ExpBlock2,Top spin,12.3534,230.826,161,220,218.4726,0,1,1,1078
CPS2-ASU-T78-ExpBlock2-240.234,ASU,CPS2-ASU-T78,ExpBlock2,Trunk Slide,240.234,648.6032,579,638,408.3692,0,0,0,1078
CPS2-ASU-T78-ExpBlock2-648.6032,ASU,CPS2-ASU-T78,ExpBlock2,Think Ahead,648.6032,900.053,840,899,251.4498,0,0,0,1078
CPS2-ASU-T78-Warmup-34.7697,ASU,CPS2-ASU-T78,Warmup,Can Opener,34.7697,747.6436,678,737,712.8739,0,0,0,1078
CPS2-ASU-T78-Warmup-823.6593,ASU,CPS2-ASU-T78,Warmup,Spider Web,823.6593,900.019,840,899,76.3597,0,0,0,1078
CPS2-ASU-T80-ExpBlock1-18.2551,ASU,CPS2-ASU-T80,ExpBlock1,Top spin,18.2551,900.035,840,899,881.7799,0,0,0,1080
CPS2-ASU-T80-ExpBlock2-13.5387,ASU,CPS2-ASU-T80,ExpBlock2,Scale,13.5387,84.5999,15,74,71.0612,1,0,1,1080
CPS2-ASU-T80-ExpBlock2-465.19,ASU,CPS2-ASU-T80,ExpBlock2,Fe2,465.19,709.4995,640,699,244.3095,0,1,1,1080
CPS2-ASU-T80-ExpBlock2-752.1152,ASU,CPS2-ASU-T80,ExpBlock2,One at a time,752.1152,852.3664,783,842,100.2512,0,1,1,1080
CPS2-ASU-T80-ExpBlock2-93.8187,ASU,CPS2-ASU-T80,ExpBlock2,Timing is Everything,93.8187,455.1307,386,445,361.312,1,0,1,1080
CPS2-ASU-T80-Warmup-281.5356,ASU,CPS2-ASU-T80,Warmup,Yippie!,281.5356,434.4152,365,424,152.8796,0,1,1,1080
CPS2-ASU-T80-Warmup-40.9225,ASU,CPS2-ASU-T80,Warmup,Can Opener,40.9225,272.7924,203,262,231.8699,1,0,1,1080
CPS2-ASU-T80-Warmup-509.6865,ASU,CPS2-ASU-T80,Warmup,Double Hoppy,509.6865,899.996,840,899,390.3095,0,0,0,1080
CPS2-ASU-T83-ExpBlock1-22.9045,ASU,CPS2-ASU-T83,ExpBlock1,Cloudy Day,22.9045,393.5942,324,383,370.6897,0,0,0,1083
CPS2-ASU-T83-ExpBlock1-393.5942,ASU,CPS2-ASU-T83,ExpBlock1,Trunk Slide,393.5942,738.1254,669,728,344.5312,0,1,1,1083
CPS2-ASU-T83-ExpBlock1-763.4354,ASU,CPS2-ASU-T83,ExpBlock1,Top spin,763.4354,900.009,840,899,136.5736,0,0,0,1083
CPS2-ASU-T83-ExpBlock2-265.5606,ASU,CPS2-ASU-T83,ExpBlock2,Timing is Everything,265.5606,518.0989,449,508,252.5383,0,1,1,1083
CPS2-ASU-T83-ExpBlock2-526.9487,ASU,CPS2-ASU-T83,ExpBlock2,Fe2,526.9487,600.3798,531,590,73.4311,0,0,0,1083
CPS2-ASU-T83-ExpBlock2-640.7824,ASU,CPS2-ASU-T83,ExpBlock2,One at a time,640.7824,847.3048,778,837,206.5224,0,1,1,1083
CPS2-ASU-T83-Warmup-134.6754,ASU,CPS2-ASU-T83,Warmup,Spider Web,134.6754,279.8639,210,269,145.1885,0,0,0,1083
CPS2-ASU-T83-Warmup-279.8639,ASU,CPS2-ASU-T83,Warmup,Can Opener,279.8639,900.021,840,899,620.1571,0,0,0,1083
CPS2-ASU-T84-ExpBlock1-32.537,ASU,CPS2-ASU-T84,ExpBlock1,Top spin,32.537,374.4675,305,364,341.9305,0,1,1,1084
CPS2-ASU-T84-ExpBlock1-382.7958,ASU,CPS2-ASU-T84,ExpBlock1,Trunk Slide,382.7958,539.8901,470,529,157.0943,0,1,1,1084
CPS2-ASU-T84-ExpBlock1-546.4505,ASU,CPS2-ASU-T84,ExpBlock1,Caterpillar,546.4505,657.3717,588,647,110.9212,0,0,0,1084
CPS2-ASU-T84-ExpBlock1-657.3717,ASU,CPS2-ASU-T84,ExpBlock1,Think Ahead,657.3717,800.3932,731,790,143.0215,0,1,1,1084
CPS2-ASU-T84-ExpBlock1-808.8721,ASU,CPS2-ASU-T84,ExpBlock1,Dolphin Show,808.8721,900.007,840,899,91.1349,0,0,0,1084
CPS2-ASU-T84-ExpBlock2-10.2668,ASU,CPS2-ASU-T84,ExpBlock2,Scale,10.2668,86.1822,17,76,75.9154,0,1,1,1084
CPS2-ASU-T84-ExpBlock2-124.0966,ASU,CPS2-ASU-T84,ExpBlock2,Timing is Everything,124.0966,332.0089,263,322,207.9123,0,1,1,1084
CPS2-ASU-T84-ExpBlock2-343.8169,ASU,CPS2-ASU-T84,ExpBlock2,Fe2,343.8169,420.642,351,410,76.8251,0,1,1,1084
CPS2-ASU-T84-ExpBlock2-546.016,ASU,CPS2-ASU-T84,ExpBlock2,Smiley Mouth,546.016,706.3753,637,696,160.3593,1,0,1,1084
CPS2-ASU-T84-ExpBlock2-720.8956,ASU,CPS2-ASU-T84,ExpBlock2,Timing is Everything,720.8956,900.008,840,899,179.1124,0,0,0,1084
CPS2-ASU-T84-Warmup-17.8285,ASU,CPS2-ASU-T84,Warmup,Can Opener,17.8285,211.9283,142,201,194.0998,0,1,1,1084
CPS2-ASU-T84-Warmup-251.1933,ASU,CPS2-ASU-T84,Warmup,Can Opener,251.1933,329.137,260,319,77.9437,0,0,0,1084
CPS2-ASU-T84-Warmup-329.13699999999994,ASU,CPS2-ASU-T84,Warmup,Yippie!,329.137,899.999,840,899,570.862,0,0,0,1084
CPS2-ASU-T86-ExpBlock1-254.0,ASU,CPS2-ASU-T86,ExpBlock1,Fe2,254.0,653.0,584,643,399.0,0,1,1,1086
CPS2-ASU-T86-ExpBlock1-658.0,ASU,CPS2-ASU-T86,ExpBlock1,Green Apple,658.0,880.0,811,870,222.0,0,1,1,1086
CPS2-ASU-T86-ExpBlock1-9.0,ASU,CPS2-ASU-T86,ExpBlock1,Scale,9.0,189.0,120,179,180.0,0,1,1,1086
CPS2-ASU-T86-ExpBlock2-13.0,ASU,CPS2-ASU-T86,ExpBlock2,Top spin,13.0,674.0,605,664,661.0,0,1,1,1086
CPS2-ASU-T86-ExpBlock2-684.0,ASU,CPS2-ASU-T86,ExpBlock2,Trunk Slide,684.0,900.001,840,899,216.001,0,0,0,1086
CPS2-ASU-T86-Warmup-233.7122,ASU,CPS2-ASU-T86,Warmup,Can Opener,233.7122,314.0,245,304,80.2878,0,1,1,1086
CPS2-ASU-T86-Warmup-26.1068,ASU,CPS2-ASU-T86,Warmup,Can Opener,26.1068,223.2091,154,213,197.1023,0,1,1,1086
CPS2-ASU-T86-Warmup-342.2277,ASU,CPS2-ASU-T86,Warmup,Yippie!,342.2277,506.1869,437,496,163.9592,0,1,1,1086
CPS2-ASU-T86-Warmup-545.6746,ASU,CPS2-ASU-T86,Warmup,Double Hoppy,545.6746,809.5435,740,799,263.8689,0,1,1,1086
CPS2-ASU-T87-ExpBlock1-10.9311,ASU,CPS2-ASU-T87,ExpBlock1,Top spin,10.9311,249.0286,180,239,238.0975,0,0,0,1087
CPS2-ASU-T87-ExpBlock1-249.0286,ASU,CPS2-ASU-T87,ExpBlock1,Trunk Slide,249.0286,477.3815,408,467,228.3529,0,1,1,1087
CPS2-ASU-T87-ExpBlock1-490.2441,ASU,CPS2-ASU-T87,ExpBlock1,Think Ahead,490.2441,900.008,840,899,409.7639,0,0,0,1087
CPS2-ASU-T87-ExpBlock2-453.0712,ASU,CPS2-ASU-T87,ExpBlock2,Green Apple,453.0712,591.1341,522,581,138.0629,0,1,1,1087
CPS2-ASU-T87-ExpBlock2-603.5832,ASU,CPS2-ASU-T87,ExpBlock2,Smiley Mouth,603.5832,674.493,605,664,70.9098,0,1,1,1087
CPS2-ASU-T87-ExpBlock2-64.7616,ASU,CPS2-ASU-T87,ExpBlock2,Fe2,64.7616,421.1127,352,411,356.3511,0,1,1,1087
CPS2-ASU-T87-ExpBlock2-687.2636,ASU,CPS2-ASU-T87,ExpBlock2,Timing is Everything,687.2636,899.932,840,899,212.6684,0,0,0,1087
CPS2-ASU-T87-Warmup-210.467,ASU,CPS2-ASU-T87,Warmup,Yippie!,210.467,748.0751,679,738,537.6081,0,0,0,1087
CPS2-ASU-T87-Warmup-66.5006,ASU,CPS2-ASU-T87,Warmup,Can Opener,66.5006,210.467,141,200,143.9664,0,0,0,1087
CPS2-ASU-T87-Warmup-748.0751,ASU,CPS2-ASU-T87,Warmup,Spider Web,748.0751,900.021,840,899,151.9459,0,0,0,1087
CPS2-ASU-T89-ExpBlock1-107.1775,ASU,CPS2-ASU-T89,ExpBlock1,Timing is Everything,107.1775,599.1559,530,589,491.9784,0,1,1,1089
CPS2-ASU-T89-ExpBlock1-607.3013,ASU,CPS2-ASU-T89,ExpBlock1,Timing is Everything,607.3013,687.3073,618,677,80.006,0,0,0,1089
CPS2-ASU-T89-ExpBlock1-797.2819999999999,ASU,CPS2-ASU-T89,ExpBlock1,Smiley Mouth,797.282,900.021,840,899,102.739,0,0,0,1089
CPS2-ASU-T89-ExpBlock2-335.2322,ASU,CPS2-ASU-T89,ExpBlock2,Caterpillar,335.2322,556.7082,487,546,221.476,0,1,1,1089
CPS2-ASU-T89-ExpBlock2-567.3203,ASU,CPS2-ASU-T89,ExpBlock2,Cloudy Day,567.3203,742.8487,673,732,175.5284,0,0,0,1089
CPS2-ASU-T89-ExpBlock2-62.5701,ASU,CPS2-ASU-T89,ExpBlock2,Trunk Slide,62.5701,312.98,243,302,250.4099,0,1,1,1089
CPS2-ASU-T89-ExpBlock2-742.8487,ASU,CPS2-ASU-T89,ExpBlock2,Top spin,742.8487,900.07,840,899,157.2213,0,0,0,1089
CPS2-ASU-T89-Warmup-18.4233,ASU,CPS2-ASU-T89,Warmup,Can Opener,18.4233,498.1611,429,488,479.7378,0,1,1,1089
CPS2-ASU-T89-Warmup-580.3179,ASU,CPS2-ASU-T89,Warmup,Double Hoppy,580.3179,900.012,840,899,319.6941,0,0,0,1089
CPS2-ASU-T90-ExpBlock1-108.3095,ASU,CPS2-ASU-T90,ExpBlock1,Scale,108.3095,311.99,242,301,203.6805,0,1,1,1090
CPS2-ASU-T90-ExpBlock1-317.2619,ASU,CPS2-ASU-T90,ExpBlock1,Timing is Everything,317.2619,761.1696,692,751,443.9077,0,1,1,1090
CPS2-ASU-T90-ExpBlock1-822.1294,ASU,CPS2-ASU-T90,ExpBlock1,Smiley Mouth,822.1294,900.014,840,899,77.8846,0,0,0,1090
CPS2-ASU-T90-ExpBlock2-6.0688,ASU,CPS2-ASU-T90,ExpBlock2,Top spin,6.0688,900.013,840,899,893.9442,0,0,0,1090
CPS2-ASU-T90-Warmup-12.4865,ASU,CPS2-ASU-T90,Warmup,Can Opener,12.4865,900.01,840,899,887.5235,0,0,0,1090
CPS2-ASU-T91-ExpBlock1-21.0742,ASU,CPS2-ASU-T91,ExpBlock1,Top spin,21.0742,252.9875,183,242,231.9133,0,0,0,1091
CPS2-ASU-T91-ExpBlock1-252.9875,ASU,CPS2-ASU-T91,ExpBlock1,Trunk Slide,252.9875,509.0173,440,499,256.0298,0,1,1,1091
CPS2-ASU-T91-ExpBlock1-520.4678,ASU,CPS2-ASU-T91,ExpBlock1,Think Ahead,520.4678,900.055,840,899,379.5872,0,0,0,1091
CPS2-ASU-T91-ExpBlock2-274.4173,ASU,CPS2-ASU-T91,ExpBlock2,Fe2,274.4173,418.7254,349,408,144.3081,0,1,1,1091
CPS2-ASU-T91-ExpBlock2-430.6506,ASU,CPS2-ASU-T91,ExpBlock2,Smiley Mouth,430.6506,562.2394,493,552,131.5888,1,0,1,1091
CPS2-ASU-T91-ExpBlock2-752.7061,ASU,CPS2-ASU-T91,ExpBlock2,Fe2,752.7061,899.948,840,899,147.2419,0,0,0,1091
CPS2-ASU-T91-ExpBlock2-8.7199,ASU,CPS2-ASU-T91,ExpBlock2,Scale,8.7199,93.6729,24,83,84.953,0,1,1,1091
CPS2-ASU-T91-ExpBlock2-99.8598,ASU,CPS2-ASU-T91,ExpBlock2,Timing is Everything,99.8598,191.5638,122,181,91.704,0,1,1,1091
CPS2-ASU-T91-Warmup-13.0552,ASU,CPS2-ASU-T91,Warmup,Can Opener,13.0552,173.6725,104,163,160.6173,0,0,0,1091
CPS2-ASU-T91-Warmup-247.9928,ASU,CPS2-ASU-T91,Warmup,Can Opener,247.9928,403.499,334,393,155.5062,0,1,1,1091
CPS2-ASU-T91-Warmup-409.2587,ASU,CPS2-ASU-T91,Warmup,Double Hoppy,409.2587,707.4443,638,697,298.1856,1,0,1,1091
CPS2-ASU-T91-Warmup-716.9689,ASU,CPS2-ASU-T91,Warmup,Annoying Lever,716.9689,862.0915,793,852,145.1226,0,1,1,1091
CPS2-ASU-T93-ExpBlock1-14.4864,ASU,CPS2-ASU-T93,ExpBlock1,Scale,14.4864,249.4933,180,239,235.0069,0,1,1,1093
CPS2-ASU-T93-ExpBlock1-254.2033,ASU,CPS2-ASU-T93,ExpBlock1,Fe2,254.2033,757.933,688,747,503.7297,0,0,0,1093
CPS2-ASU-T93-ExpBlock1-773.0607,ASU,CPS2-ASU-T93,ExpBlock1,Green Apple,773.0607,900.019,840,899,126.9583,0,0,0,1093
CPS2-ASU-T93-ExpBlock2-27.0247,ASU,CPS2-ASU-T93,ExpBlock2,Top spin,27.0247,270.3944,201,260,243.3697,0,0,0,1093
CPS2-ASU-T93-ExpBlock2-270.3944,ASU,CPS2-ASU-T93,ExpBlock2,Think Ahead,270.3944,450.4042,381,440,180.0098,0,0,0,1093
CPS2-ASU-T93-ExpBlock2-461.3928,ASU,CPS2-ASU-T93,ExpBlock2,Trunk Slide,461.3928,634.2607,565,624,172.8679,0,0,0,1093
CPS2-ASU-T93-ExpBlock2-634.2607,ASU,CPS2-ASU-T93,ExpBlock2,Dolphin Show,634.2607,900.034,840,899,265.7733,0,0,0,1093
CPS2-ASU-T93-Warmup-183.668,ASU,CPS2-ASU-T93,Warmup,Spider Web,183.668,310.8014,241,300,127.1334,1,0,1,1093
CPS2-ASU-T93-Warmup-30.3318,ASU,CPS2-ASU-T93,Warmup,Can Opener,30.3318,144.8179,75,134,114.4861,1,0,1,1093
CPS2-ASU-T93-Warmup-348.2169,ASU,CPS2-ASU-T93,Warmup,Yippie!,348.2169,503.4764,434,493,155.2595,1,0,1,1093
CPS2-ASU-T93-Warmup-519.9616,ASU,CPS2-ASU-T93,Warmup,Double Hoppy,519.9616,900.005,840,899,380.0434,0,0,0,1093
CPS2-ASU-T96-ExpBlock1-39.2979,ASU,CPS2-ASU-T96,ExpBlock1,Cloudy Day,39.2979,628.3705,559,618,589.0726,1,0,1,1096
CPS2-ASU-T96-ExpBlock1-643.0092,ASU,CPS2-ASU-T96,ExpBlock1,Top spin,643.0092,900.009,840,899,256.9998,0,0,0,1096
CPS2-ASU-T96-ExpBlock2-209.1095,ASU,CPS2-ASU-T96,ExpBlock2,Timing is Everything,209.1095,676.2685,607,666,467.159,0,0,0,1096
CPS2-ASU-T96-ExpBlock2-27.7797,ASU,CPS2-ASU-T96,ExpBlock2,Scale,27.7797,195.9977,126,185,168.218,0,1,1,1096
CPS2-ASU-T96-Warmup-125.4092,ASU,CPS2-ASU-T96,Warmup,Yippie!,125.4092,578.8118,509,568,453.4026,0,0,0,1096
CPS2-ASU-T96-Warmup-578.8118,ASU,CPS2-ASU-T96,Warmup,Spider Web,578.8118,900.006,840,899,321.1942,0,0,0,1096
CPS2-ASU-T96-Warmup-8.7984,ASU,CPS2-ASU-T96,Warmup,Can Opener,8.7984,119.3735,50,109,110.5751,0,1,1,1096
CPS2-ASU-T97-ExpBlock1-341.5119,ASU,CPS2-ASU-T97,ExpBlock1,Smiley Mouth,341.5119,438.5353,369,428,97.0234,1,0,1,1097
CPS2-ASU-T97-ExpBlock1-444.7055,ASU,CPS2-ASU-T97,ExpBlock1,Fe2,444.7055,900.021,840,899,455.3155,0,0,0,1097
CPS2-ASU-T97-ExpBlock1-70.23,ASU,CPS2-ASU-T97,ExpBlock1,Timing is Everything,70.23,286.776,217,276,216.546,0,1,1,1097
CPS2-ASU-T97-ExpBlock2-11.6351,ASU,CPS2-ASU-T97,ExpBlock2,Top spin,11.6351,495.7233,426,485,484.0882,0,1,1,1097
CPS2-ASU-T97-ExpBlock2-503.5548,ASU,CPS2-ASU-T97,ExpBlock2,Trunk Slide,503.5548,899.959,840,899,396.4042,0,0,0,1097
CPS2-ASU-T97-Warmup-28.0778,ASU,CPS2-ASU-T97,Warmup,Can Opener,28.0778,860.8542,791,850,832.7764,0,1,1,1097
CPS2-ASU-T98-ExpBlock1-225.7079,ASU,CPS2-ASU-T98,ExpBlock1,Fe2,225.7079,617.5788,548,607,391.8709,0,0,0,1098
CPS2-ASU-T98-ExpBlock1-34.6685,ASU,CPS2-ASU-T98,ExpBlock1,Scale,34.6685,219.7545,150,209,185.086,0,1,1,1098
CPS2-ASU-T98-ExpBlock1-617.5788,ASU,CPS2-ASU-T98,ExpBlock1,Timing is Everything,617.5788,900.002,840,899,282.4232,0,0,0,1098
CPS2-ASU-T98-ExpBlock2-274.3526,ASU,CPS2-ASU-T98,ExpBlock2,Dolphin Show,274.3526,373.2425,304,363,98.8899,0,0,0,1098
CPS2-ASU-T98-ExpBlock2-34.1617,ASU,CPS2-ASU-T98,ExpBlock2,Caterpillar,34.1617,209.6119,140,199,175.4502,0,0,0,1098
CPS2-ASU-T98-ExpBlock2-373.2425,ASU,CPS2-ASU-T98,ExpBlock2,Trunk Slide,373.2425,486.1302,417,476,112.8877,1,0,1,1098
CPS2-ASU-T98-ExpBlock2-495.8207,ASU,CPS2-ASU-T98,ExpBlock2,Top spin,495.8207,900.024,840,899,404.2033,0,0,0,1098
CPS2-ASU-T98-Warmup-397.1108,ASU,CPS2-ASU-T98,Warmup,Yippie!,397.1108,762.4277,693,752,365.3169,0,1,1,1098
CPS2-ASU-T98-Warmup-7.3556,ASU,CPS2-ASU-T98,Warmup,Can Opener,7.3556,390.8868,321,380,383.5312,0,1,1,1098
CPS2-ASU-T98-Warmup-767.2599,ASU,CPS2-ASU-T98,Warmup,Spider Web,767.2599,900.002,840,899,132.7421,0,0,0,1098
CPS2-ASU-T99-ExpBlock1-32.8011,ASU,CPS2-ASU-T99,ExpBlock1,Top spin,32.8011,547.6573,478,537,514.8562,0,1,1,1099
CPS2-ASU-T99-ExpBlock1-556.4751,ASU,CPS2-ASU-T99,ExpBlock1,Think Ahead,556.4751,900.003,840,899,343.5279,0,0,0,1099
CPS2-ASU-T99-ExpBlock2-419.9341,ASU,CPS2-ASU-T99,ExpBlock2,Fe2,419.9341,899.997,840,899,480.0629,0,0,0,1099
CPS2-ASU-T99-ExpBlock2-8.2943,ASU,CPS2-ASU-T99,ExpBlock2,Scale,8.2943,413.5234,344,403,405.2291,0,1,1,1099
CPS2-ASU-T99-Warmup-106.1727,ASU,CPS2-ASU-T99,Warmup,Yippie!,106.1727,267.9867,198,257,161.814,1,0,1,1099
CPS2-ASU-T99-Warmup-11.16,ASU,CPS2-ASU-T99,Warmup,Can Opener,11.16,98.5774,29,88,87.4174,1,0,1,1099
CPS2-ASU-T99-Warmup-273.5602,ASU,CPS2-ASU-T99,Warmup,Spider Web,273.5602,361.5168,292,351,87.9566,1,0,1,1099
CPS2-ASU-T99-Warmup-365.2725,ASU,CPS2-ASU-T99,Warmup,Double Hoppy,365.2725,837.1415,768,827,471.869,0,1,1,1099
CPS2-CU-T14-ExpBlock1-153.759,CU,CPS2-CU-T14,ExpBlock1,One at a time,153.759,278.3156,209,268,124.5566,1,0,1,2014
CPS2-CU-T14-ExpBlock1-28.6964,CU,CPS2-CU-T14,ExpBlock1,Green Apple,28.6964,147.8543,78,137,119.1579,0,1,1,2014
CPS2-CU-T14-ExpBlock1-290.2402,CU,CPS2-CU-T14,ExpBlock1,Smiley Mouth,290.2402,381.9525,312,371,91.7123,1,0,1,2014
CPS2-CU-T14-ExpBlock2-34.4911,CU,CPS2-CU-T14,ExpBlock2,Top spin,34.4911,658.8878,589,648,624.3967,0,0,0,2014
CPS2-CU-T14-ExpBlock2-658.8878,CU,CPS2-CU-T14,ExpBlock2,Caterpillar,658.8878,900.009,840,899,241.1212,0,0,0,2014
CPS2-CU-T14-Warmup-70.8918,CU,CPS2-CU-T14,Warmup,Can Opener,70.8918,871.6058,802,861,800.714,0,1,1,2014
CPS2-CU-T15-ExpBlock1-26.1019,CU,CPS2-CU-T15,ExpBlock1,Top spin,26.1019,789.2808,720,779,763.1789,0,0,0,2015
CPS2-CU-T15-ExpBlock1-789.2808,CU,CPS2-CU-T15,ExpBlock1,Trunk Slide,789.2808,900.004,840,899,110.7232,0,0,0,2015
CPS2-CU-T15-ExpBlock2-205.9946,CU,CPS2-CU-T15,ExpBlock2,Timing is Everything,205.9946,326.4519,257,316,120.4573,1,0,1,2015
CPS2-CU-T15-ExpBlock2-330.9966,CU,CPS2-CU-T15,ExpBlock2,Green Apple,330.9966,450.8179,381,440,119.8213,0,1,1,2015
CPS2-CU-T15-ExpBlock2-37.641,CU,CPS2-CU-T15,ExpBlock2,Scale,37.641,198.0864,129,188,160.4454,0,1,1,2015
CPS2-CU-T15-ExpBlock2-470.2801,CU,CPS2-CU-T15,ExpBlock2,Smiley Mouth,470.2801,595.6591,526,585,125.379,1,0,1,2015
CPS2-CU-T15-ExpBlock2-626.6752,CU,CPS2-CU-T15,ExpBlock2,Fe2,626.6752,900.002,840,899,273.3268,0,0,0,2015
CPS2-CU-T15-Warmup-36.7388,CU,CPS2-CU-T15,Warmup,Can Opener,36.7388,489.5623,420,479,452.8235,0,1,1,2015
CPS2-CU-T15-Warmup-579.3698,CU,CPS2-CU-T15,Warmup,Spider Web,579.3698,708.2814,639,698,128.9116,0,1,1,2015
CPS2-CU-T15-Warmup-713.2209,CU,CPS2-CU-T15,Warmup,Annoying Lever,713.2209,881.2081,812,871,167.9872,1,0,1,2015
CPS2-CU-T16-ExpBlock1-36.8153,CU,CPS2-CU-T16,ExpBlock1,Trunk Slide,36.8153,580.9401,511,570,544.1248,0,1,1,2016
CPS2-CU-T16-ExpBlock1-635.0431,CU,CPS2-CU-T16,ExpBlock1,Cloudy Day,635.0431,900.019,840,899,264.9759,0,0,0,2016
CPS2-CU-T16-ExpBlock2-378.9939,CU,CPS2-CU-T16,ExpBlock2,Timing is Everything,378.9939,900.014,840,899,521.0201,0,0,0,2016
CPS2-CU-T16-ExpBlock2-64.017,CU,CPS2-CU-T16,ExpBlock2,Green Apple,64.017,353.7883,284,343,289.7713,0,1,1,2016
CPS2-CU-T16-Warmup-164.8144,CU,CPS2-CU-T16,Warmup,Yippie!,164.8144,397.0662,328,387,232.2518,1,0,1,2016
CPS2-CU-T16-Warmup-408.3065,CU,CPS2-CU-T16,Warmup,Double Hoppy,408.3065,900.001,840,899,491.6945,0,0,0,2016
CPS2-CU-T18-ExpBlock1-171.7385,CU,CPS2-CU-T18,ExpBlock1,Fe2,171.7385,851.1102,782,841,679.3717,0,1,1,2018
CPS2-CU-T18-ExpBlock1-40.9505,CU,CPS2-CU-T18,ExpBlock1,Scale,40.9505,159.1869,90,149,118.2364,0,1,1,2018
CPS2-CU-T18-ExpBlock2-26.5304,CU,CPS2-CU-T18,ExpBlock2,Trunk Slide,26.5304,900.026,840,899,873.4956,0,0,0,2018
CPS2-CU-T18-Warmup-625.0414,CU,CPS2-CU-T18,Warmup,Yippie!,625.0414,900.702,840,899,275.6606,0,0,0,2018
CPS2-CU-T18-Warmup-64.7514,CU,CPS2-CU-T18,Warmup,Can Opener,64.7514,616.4101,547,606,551.6587,0,1,1,2018
CPS2-CU-T19-ExpBlock1-20.3031,CU,CPS2-CU-T19,ExpBlock1,Top spin,20.3031,280.5558,211,270,260.2527,0,1,1,2019
CPS2-CU-T19-ExpBlock1-332.4264,CU,CPS2-CU-T19,ExpBlock1,Think Ahead,332.4264,545.0206,476,535,212.5942,0,0,0,2019
CPS2-CU-T19-ExpBlock1-545.0206,CU,CPS2-CU-T19,ExpBlock1,Trunk Slide,545.0206,899.986,840,899,354.9654,0,0,0,2019
CPS2-CU-T19-ExpBlock2-14.1498,CU,CPS2-CU-T19,ExpBlock2,Scale,14.1498,142.2929,73,132,128.1431,0,1,1,2019
CPS2-CU-T19-ExpBlock2-147.9448,CU,CPS2-CU-T19,ExpBlock2,Timing is Everything,147.9448,483.248,414,473,335.3032,0,1,1,2019
CPS2-CU-T19-ExpBlock2-510.0532,CU,CPS2-CU-T19,ExpBlock2,Fe2,510.0532,900.022,840,899,389.9688,0,0,0,2019
CPS2-CU-T19-Warmup-107.7227,CU,CPS2-CU-T19,Warmup,Can Opener,107.7227,303.8029,234,293,196.0802,1,0,1,2019
CPS2-CU-T19-Warmup-311.7049,CU,CPS2-CU-T19,Warmup,Yippie!,311.7049,503.8713,434,493,192.1664,1,0,1,2019
CPS2-CU-T19-Warmup-509.6854,CU,CPS2-CU-T19,Warmup,Spider Web,509.6854,688.0339,619,678,178.3485,0,1,1,2019
CPS2-CU-T19-Warmup-693.3369,CU,CPS2-CU-T19,Warmup,Annoying Lever,693.3369,900.007,840,899,206.6701,0,0,0,2019
CPS2-CU-T20-ExpBlock1-27.6546,CU,CPS2-CU-T20,ExpBlock1,Top spin,27.6546,524.9514,455,514,497.2968,0,1,1,2020
CPS2-CU-T20-ExpBlock1-534.8294,CU,CPS2-CU-T20,ExpBlock1,Trunk Slide,534.8294,612.9807,543,602,78.1513,0,1,1,2020
CPS2-CU-T20-ExpBlock1-620.0768,CU,CPS2-CU-T20,ExpBlock1,Caterpillar,620.0768,813.1827,744,803,193.1059,0,0,0,2020
CPS2-CU-T20-ExpBlock1-818.9099,CU,CPS2-CU-T20,ExpBlock1,Think Ahead,818.9099,900.044,840,899,81.1341,0,0,0,2020
CPS2-CU-T20-ExpBlock2-144.73,CU,CPS2-CU-T20,ExpBlock2,Fe2,144.73,601.1828,532,591,456.4528,0,1,1,2020
CPS2-CU-T20-ExpBlock2-612.7196,CU,CPS2-CU-T20,ExpBlock2,Fe2,612.7196,899.99,840,899,287.2704,0,0,0,2020
CPS2-CU-T20-Warmup-198.7611,CU,CPS2-CU-T20,Warmup,Annoying Lever,198.7611,501.3297,432,491,302.5686,0,1,1,2020
CPS2-CU-T20-Warmup-525.148,CU,CPS2-CU-T20,Warmup,Double Hoppy,525.148,900.024,840,899,374.876,0,0,0,2020
CPS2-CU-T27-ExpBlock1-144.3785,CU,CPS2-CU-T27,ExpBlock1,Top spin,144.3785,767.1317,698,757,622.7532,0,1,1,2027
CPS2-CU-T27-ExpBlock1-35.2509,CU,CPS2-CU-T27,ExpBlock1,Trunk Slide,35.2509,117.2633,48,107,82.0124,0,1,1,2027
CPS2-CU-T27-ExpBlock1-792.6137,CU,CPS2-CU-T27,ExpBlock1,Cloudy Day,792.6137,900.029,840,899,107.4153,0,0,0,2027
CPS2-CU-T27-ExpBlock2-312.9783,CU,CPS2-CU-T27,ExpBlock2,Fe2,312.9783,646.8992,577,636,333.9209,0,0,0,2027
CPS2-CU-T27-ExpBlock2-699.3019,CU,CPS2-CU-T27,ExpBlock2,Smiley Mouth,699.3019,781.2184,712,771,81.9165,1,0,1,2027
CPS2-CU-T27-ExpBlock2-790.1974,CU,CPS2-CU-T27,ExpBlock2,Fe2,790.1974,900.011,840,899,109.8136,0,0,0,2027
CPS2-CU-T27-ExpBlock2-83.9458,CU,CPS2-CU-T27,ExpBlock2,Timing is Everything,83.9458,298.1636,229,288,214.2178,0,1,1,2027
CPS2-CU-T27-Warmup-44.6034,CU,CPS2-CU-T27,Warmup,Can Opener,44.6034,412.5109,343,402,367.9075,1,0,1,2027
CPS2-CU-T27-Warmup-452.0979,CU,CPS2-CU-T27,Warmup,Spider Web,452.0979,595.6551,526,585,143.5572,1,0,1,2027
CPS2-CU-T27-Warmup-599.2759,CU,CPS2-CU-T27,Warmup,Double Hoppy,599.2759,731.5759,662,721,132.3,0,1,1,2027
CPS2-CU-T27-Warmup-735.5095,CU,CPS2-CU-T27,Warmup,Annoying Lever,735.5095,900.031,840,899,164.5215,0,0,0,2027
CPS2-CU-T29-ExpBlock1-241.9894,CU,CPS2-CU-T29,ExpBlock1,One at a time,241.9894,474.4569,405,464,232.4675,1,0,1,2029
CPS2-CU-T29-ExpBlock1-484.9495,CU,CPS2-CU-T29,ExpBlock1,Fe2,484.9495,658.4892,589,648,173.5397,0,1,1,2029
CPS2-CU-T29-ExpBlock1-63.7422,CU,CPS2-CU-T29,ExpBlock1,Timing is Everything,63.7422,196.9061,127,186,133.1639,1,0,1,2029
CPS2-CU-T29-ExpBlock1-693.1462,CU,CPS2-CU-T29,ExpBlock1,Smiley Mouth,693.1462,900.006,840,899,206.8598,0,0,0,2029
CPS2-CU-T29-ExpBlock2-18.972,CU,CPS2-CU-T29,ExpBlock2,Top spin,18.972,675.0177,606,665,656.0457,1,0,1,2029
CPS2-CU-T29-ExpBlock2-680.6099,CU,CPS2-CU-T29,ExpBlock2,Think Ahead,680.6099,900.034,840,899,219.4241,0,0,0,2029
CPS2-CU-T29-Warmup-315.1544,CU,CPS2-CU-T29,Warmup,Annoying Lever,315.1544,900.005,840,899,584.8506,0,0,0,2029
CPS2-CU-T29-Warmup-68.2318,CU,CPS2-CU-T29,Warmup,Can Opener,68.2318,242.242,173,232,174.0102,1,0,1,2029
CPS2-CU-T30-ExpBlock1-40.0082,CU,CPS2-CU-T30,ExpBlock1,Scale,40.0082,418.8429,349,408,378.8347,0,1,1,2030
CPS2-CU-T30-ExpBlock1-447.6989,CU,CPS2-CU-T30,ExpBlock1,Fe2,447.6989,900.015,840,899,452.3161,0,0,0,2030
CPS2-CU-T30-ExpBlock2-425.8103,CU,CPS2-CU-T30,ExpBlock2,Think Ahead,425.8103,555.2841,486,545,129.4738,0,0,0,2030
CPS2-CU-T30-ExpBlock2-50.5783,CU,CPS2-CU-T30,ExpBlock2,Trunk Slide,50.5783,381.1007,312,371,330.5224,0,0,0,2030
CPS2-CU-T30-ExpBlock2-555.2841,CU,CPS2-CU-T30,ExpBlock2,Caterpillar,555.2841,900.024,840,899,344.7399,0,0,0,2030
CPS2-CU-T30-Warmup-46.9607,CU,CPS2-CU-T30,Warmup,Yippie!,46.9607,589.5078,520,579,542.5471,1,0,1,2030
CPS2-CU-T30-Warmup-626.711,CU,CPS2-CU-T30,Warmup,Double Hoppy,626.711,900.019,840,899,273.308,0,0,0,2030
CPS2-CU-T31-ExpBlock1-20.694000000000003,CU,CPS2-CU-T31,ExpBlock1,Top spin,20.694,364.4888,295,354,343.7948,0,1,1,2031
CPS2-CU-T31-ExpBlock1-370.8303,CU,CPS2-CU-T31,ExpBlock1,Trunk Slide,370.8303,900.012,840,899,529.1817,0,0,0,2031
CPS2-CU-T31-ExpBlock2-107.6501,CU,CPS2-CU-T31,ExpBlock2,Timing is Everything,107.6501,180.3308,111,170,72.6807,1,0,1,2031
CPS2-CU-T31-ExpBlock2-249.38,CU,CPS2-CU-T31,ExpBlock2,Fe2,249.38,484.5351,415,474,235.1551,0,1,1,2031
CPS2-CU-T31-ExpBlock2-514.4511,CU,CPS2-CU-T31,ExpBlock2,Smiley Mouth,514.4511,634.8511,565,624,120.4,1,0,1,2031
CPS2-CU-T31-ExpBlock2-738.4614,CU,CPS2-CU-T31,ExpBlock2,Fe2,738.4614,900.013,840,899,161.5516,0,0,0,2031
CPS2-CU-T31-Warmup-306.0152,CU,CPS2-CU-T31,Warmup,Yippie!,306.0152,615.6897,546,605,309.6745,0,1,1,2031
CPS2-CU-T31-Warmup-626.8147,CU,CPS2-CU-T31,Warmup,Spider Web,626.8147,707.5621,638,697,80.7474,0,1,1,2031
CPS2-CU-T31-Warmup-63.7477,CU,CPS2-CU-T31,Warmup,Can Opener,63.7477,244.8567,175,234,181.109,0,1,1,2031
CPS2-CU-T33-ExpBlock1-125.1458,CU,CPS2-CU-T33,ExpBlock1,Timing is Everything,125.1458,325.1763,256,315,200.0305,0,0,0,2033
CPS2-CU-T33-ExpBlock1-16.7109,CU,CPS2-CU-T33,ExpBlock1,Scale,16.7109,116.0562,47,106,99.3453,1,0,1,2033
CPS2-CU-T33-ExpBlock1-325.1763,CU,CPS2-CU-T33,ExpBlock1,Fe2,325.1763,545.7371,476,535,220.5608,0,1,1,2033
CPS2-CU-T33-ExpBlock1-553.3992,CU,CPS2-CU-T33,ExpBlock1,Fe2,553.3992,900.002,840,899,346.6028,0,0,0,2033
CPS2-CU-T33-ExpBlock2-458.5113,CU,CPS2-CU-T33,ExpBlock2,Think Ahead,458.5113,781.4477,712,771,322.9364,0,0,0,2033
CPS2-CU-T33-ExpBlock2-77.23899999999999,CU,CPS2-CU-T33,ExpBlock2,Trunk Slide,77.239,458.5113,389,448,381.2723,0,0,0,2033
CPS2-CU-T33-ExpBlock2-781.4477,CU,CPS2-CU-T33,ExpBlock2,Caterpillar,781.4477,900.033,840,899,118.5853,0,0,0,2033
CPS2-CU-T33-Warmup-127.5316,CU,CPS2-CU-T33,Warmup,Can Opener,127.5316,878.4227,809,868,750.8911,0,1,1,2033
CPS2-CU-T34-ExpBlock2-220.3162,CU,CPS2-CU-T34,ExpBlock2,Trunk Slide,220.3162,320.6422,251,310,100.326,0,0,0,2034
CPS2-CU-T34-ExpBlock2-29.0099,CU,CPS2-CU-T34,ExpBlock2,Top spin,29.0099,196.4931,127,186,167.4832,0,1,1,2034
CPS2-CU-T34-ExpBlock2-320.6422,CU,CPS2-CU-T34,ExpBlock2,Think Ahead,320.6422,487.8645,418,477,167.2223,0,0,0,2034
CPS2-CU-T34-ExpBlock2-487.8645,CU,CPS2-CU-T34,ExpBlock2,Cloudy Day,487.8645,690.1266,621,680,202.2621,1,0,1,2034
CPS2-CU-T34-ExpBlock2-738.1388,CU,CPS2-CU-T34,ExpBlock2,Top spin,738.1388,900.021,840,899,161.8822,0,0,0,2034
CPS2-CU-T34-Warmup-121.6266,CU,CPS2-CU-T34,Warmup,Annoying Lever,121.6266,602.4123,533,592,480.7857,1,0,1,2034
CPS2-CU-T34-Warmup-613.5348,CU,CPS2-CU-T34,Warmup,Can Opener,613.5348,740.3467,671,730,126.8119,0,1,1,2034
CPS2-CU-T34-Warmup-754.4322,CU,CPS2-CU-T34,Warmup,Spider Web,754.4322,852.2833,783,842,97.8511,0,1,1,2034
CPS2-CU-T35-ExpBlock1-29.1333,CU,CPS2-CU-T35,ExpBlock1,Top spin,29.1333,306.4453,237,296,277.312,0,1,1,2035
CPS2-CU-T35-ExpBlock1-351.8282,CU,CPS2-CU-T35,ExpBlock1,Top spin,351.8282,469.7177,400,459,117.8895,0,0,0,2035
CPS2-CU-T35-ExpBlock1-469.7177,CU,CPS2-CU-T35,ExpBlock1,Trunk Slide,469.7177,608.2363,539,598,138.5186,0,1,1,2035
CPS2-CU-T35-ExpBlock1-617.7497,CU,CPS2-CU-T35,ExpBlock1,Trunk Slide,617.7497,900.045,840,899,282.2953,0,0,0,2035
CPS2-CU-T35-ExpBlock2-119.677,CU,CPS2-CU-T35,ExpBlock2,Fe2,119.677,249.2672,180,239,129.5902,1,0,1,2035
CPS2-CU-T35-ExpBlock2-23.5134,CU,CPS2-CU-T35,ExpBlock2,Scale,23.5134,104.6796,35,94,81.1662,0,1,1,2035
CPS2-CU-T35-ExpBlock2-257.6376,CU,CPS2-CU-T35,ExpBlock2,Green Apple,257.6376,340.0566,271,330,82.419,0,1,1,2035
CPS2-CU-T35-ExpBlock2-344.5404,CU,CPS2-CU-T35,ExpBlock2,Smiley Mouth,344.5404,520.3249,451,510,175.7845,0,1,1,2035
CPS2-CU-T35-ExpBlock2-575.9946,CU,CPS2-CU-T35,ExpBlock2,Timing is Everything,575.9946,756.5925,687,746,180.5979,0,1,1,2035
CPS2-CU-T35-Warmup-38.5167,CU,CPS2-CU-T35,Warmup,Can Opener,38.5167,285.8302,216,275,247.3135,0,1,1,2035
CPS2-CU-T35-Warmup-411.3639,CU,CPS2-CU-T35,Warmup,Double Hoppy,411.3639,614.5962,545,604,203.2323,0,1,1,2035
CPS2-CU-T35-Warmup-630.7942,CU,CPS2-CU-T35,Warmup,Annoying Lever,630.7942,900.02,840,899,269.2258,0,0,0,2035
CPS2-CU-T36-ExpBlock1-14.038,CU,CPS2-CU-T36,ExpBlock1,Top spin,14.038,324.5493,255,314,310.5113,0,0,0,2036
CPS2-CU-T36-ExpBlock1-333.7327,CU,CPS2-CU-T36,ExpBlock1,Trunk Slide,333.7327,546.4911,477,536,212.7584,0,1,1,2036
CPS2-CU-T36-ExpBlock1-605.964,CU,CPS2-CU-T36,ExpBlock1,Caterpillar,605.964,838.2625,769,828,232.2985,0,0,0,2036
CPS2-CU-T36-ExpBlock1-838.2625,CU,CPS2-CU-T36,ExpBlock1,Dolphin Show,838.2625,900.005,840,899,61.7425,0,0,0,2036
CPS2-CU-T36-ExpBlock2-392.952,CU,CPS2-CU-T36,ExpBlock2,Fe2,392.952,833.9015,764,823,440.9495,1,0,1,2036
CPS2-CU-T36-ExpBlock2-64.5599,CU,CPS2-CU-T36,ExpBlock2,Fe2,64.5599,182.0218,113,172,117.4619,0,0,0,2036
CPS2-CU-T36-Warmup-185.6039,CU,CPS2-CU-T36,Warmup,Can Opener,185.6039,562.8197,493,552,377.2158,0,1,1,2036
CPS2-CU-T36-Warmup-646.2981,CU,CPS2-CU-T36,Warmup,Annoying Lever,646.2981,788.1531,719,778,141.855,0,1,1,2036
CPS2-CU-T36-Warmup-77.0941,CU,CPS2-CU-T36,Warmup,Spider Web,77.0941,167.929,98,157,90.8349,0,1,1,2036
CPS2-CU-T36-Warmup-811.212,CU,CPS2-CU-T36,Warmup,Double Hoppy,811.212,900.033,840,899,88.821,0,0,0,2036
CPS2-CU-T37-ExpBlock1-207.0822,CU,CPS2-CU-T37,ExpBlock1,Timing is Everything,207.0822,436.1232,367,426,229.041,0,1,1,2037
CPS2-CU-T37-ExpBlock1-475.725,CU,CPS2-CU-T37,ExpBlock1,Timing is Everything,475.725,558.9129,489,548,83.1879,1,0,1,2037
CPS2-CU-T37-ExpBlock1-574.0484,CU,CPS2-CU-T37,ExpBlock1,Green Apple,574.0484,672.9836,603,662,98.9352,1,0,1,2037
CPS2-CU-T37-ExpBlock1-718.8802,CU,CPS2-CU-T37,ExpBlock1,Smiley Mouth,718.8802,816.1343,747,806,97.2541,1,0,1,2037
CPS2-CU-T37-ExpBlock1-77.5643,CU,CPS2-CU-T37,ExpBlock1,Fe2,77.5643,207.0822,138,197,129.5179,0,0,0,2037
CPS2-CU-T37-ExpBlock1-827.3036,CU,CPS2-CU-T37,ExpBlock1,Fe2,827.3036,900.011,840,899,72.7074,0,0,0,2037
CPS2-CU-T37-ExpBlock2-15.6702,CU,CPS2-CU-T37,ExpBlock2,Top spin,15.6702,376.3622,307,366,360.692,0,1,1,2037
CPS2-CU-T37-ExpBlock2-381.9938,CU,CPS2-CU-T37,ExpBlock2,Trunk Slide,381.9938,511.3255,442,501,129.3317,0,1,1,2037
CPS2-CU-T37-ExpBlock2-556.5559,CU,CPS2-CU-T37,ExpBlock2,Caterpillar,556.5559,863.4742,794,853,306.9183,0,1,1,2037
CPS2-CU-T37-Warmup-63.2629,CU,CPS2-CU-T37,Warmup,Can Opener,63.2629,900.001,840,899,836.7381,0,0,0,2037
CPS2-CU-T38-ExpBlock1-138.9669,CU,CPS2-CU-T38,ExpBlock1,Timing is Everything,138.9669,593.0892,524,583,454.1223,0,1,1,2038
CPS2-CU-T38-ExpBlock1-27.7253,CU,CPS2-CU-T38,ExpBlock1,Scale,27.7253,115.8746,46,105,88.1493,0,1,1,2038
CPS2-CU-T38-ExpBlock1-598.8568,CU,CPS2-CU-T38,ExpBlock1,Fe2,598.8568,680.382,611,670,81.5252,0,1,1,2038
CPS2-CU-T38-ExpBlock1-784.0409,CU,CPS2-CU-T38,ExpBlock1,Scale,784.0409,900.111,840,899,116.0701,0,0,0,2038
CPS2-CU-T38-ExpBlock2-20.3314,CU,CPS2-CU-T38,ExpBlock2,Top spin,20.3314,215.817,146,205,195.4856,0,0,0,2038
CPS2-CU-T38-ExpBlock2-215.817,CU,CPS2-CU-T38,ExpBlock2,Trunk Slide,215.817,374.9738,305,364,159.1568,0,0,0,2038
CPS2-CU-T38-ExpBlock2-374.9738,CU,CPS2-CU-T38,ExpBlock2,Cloudy Day,374.9738,578.499,509,568,203.5252,1,0,1,2038
CPS2-CU-T38-ExpBlock2-589.3591,CU,CPS2-CU-T38,ExpBlock2,Uphill Battle,589.3591,787.1354,718,777,197.7763,0,0,0,2038
CPS2-CU-T38-ExpBlock2-787.1354,CU,CPS2-CU-T38,ExpBlock2,Dolphin Show,787.1354,900.013,840,899,112.8776,0,0,0,2038
CPS2-CU-T38-Warmup-47.1553,CU,CPS2-CU-T38,Warmup,Can Opener,47.1553,778.4285,709,768,731.2732,0,1,1,2038
CPS2-CU-T39-ExpBlock1-12.0772,CU,CPS2-CU-T39,ExpBlock1,Top spin,12.0772,460.9485,391,450,448.8713,0,0,0,2039
CPS2-CU-T39-ExpBlock1-460.9485,CU,CPS2-CU-T39,ExpBlock1,Trunk Slide,460.9485,692.7983,623,682,231.8498,0,0,0,2039
CPS2-CU-T39-ExpBlock1-692.7983,CU,CPS2-CU-T39,ExpBlock1,Think Ahead,692.7983,844.0117,775,834,151.2134,0,0,0,2039
CPS2-CU-T39-ExpBlock2-15.4208,CU,CPS2-CU-T39,ExpBlock2,Scale,15.4208,237.8324,168,227,222.4116,0,1,1,2039
CPS2-CU-T39-ExpBlock2-242.9537,CU,CPS2-CU-T39,ExpBlock2,Timing is Everything,242.9537,742.1498,673,732,499.1961,0,0,0,2039
CPS2-CU-T39-ExpBlock2-742.1498,CU,CPS2-CU-T39,ExpBlock2,Fe2,742.1498,900.012,840,899,157.8622,0,0,0,2039
CPS2-CU-T39-Warmup-118.6117,CU,CPS2-CU-T39,Warmup,Yippie!,118.6117,511.1507,442,501,392.539,0,0,0,2039
CPS2-CU-T39-Warmup-511.1507,CU,CPS2-CU-T39,Warmup,Can Opener,511.1507,599.6717,530,589,88.521,1,0,1,2039
CPS2-CU-T39-Warmup-608.7931,CU,CPS2-CU-T39,Warmup,Double Hoppy,608.7931,900.015,840,899,291.2219,0,0,0,2039
CPS2-CU-T40-ExpBlock1-11.3657,CU,CPS2-CU-T40,ExpBlock1,Top spin,11.3657,232.7435,163,222,221.3778,0,1,1,2040
CPS2-CU-T40-ExpBlock1-240.1864,CU,CPS2-CU-T40,ExpBlock1,Trunk Slide,240.1864,376.3782,307,366,136.1918,0,1,1,2040
CPS2-CU-T40-ExpBlock1-384.0028,CU,CPS2-CU-T40,ExpBlock1,Think Ahead,384.0028,566.7177,497,556,182.7149,0,0,0,2040
CPS2-CU-T40-ExpBlock1-566.7177,CU,CPS2-CU-T40,ExpBlock1,Caterpillar,566.7177,721.195,652,711,154.4773,0,0,0,2040
CPS2-CU-T40-ExpBlock1-721.195,CU,CPS2-CU-T40,ExpBlock1,Cloudy Day,721.195,846.3795,777,836,125.1845,1,0,1,2040
CPS2-CU-T40-ExpBlock2-464.2682,CU,CPS2-CU-T40,ExpBlock2,Smiley Mouth,464.2682,579.8312,510,569,115.563,1,0,1,2040
CPS2-CU-T40-ExpBlock2-589.911,CU,CPS2-CU-T40,ExpBlock2,Timing is Everything,589.911,783.0044,714,773,193.0934,0,0,0,2040
CPS2-CU-T40-ExpBlock2-783.0044,CU,CPS2-CU-T40,ExpBlock2,Fe2,783.0044,900.016,840,899,117.0116,0,0,0,2040
CPS2-CU-T40-ExpBlock2-82.5145,CU,CPS2-CU-T40,ExpBlock2,Fe2,82.5145,386.7412,317,376,304.2267,0,1,1,2040
CPS2-CU-T40-Warmup-112.6929,CU,CPS2-CU-T40,Warmup,Yippie!,112.6929,345.0426,276,335,232.3497,0,1,1,2040
CPS2-CU-T40-Warmup-35.7845,CU,CPS2-CU-T40,Warmup,Can Opener,35.7845,112.6929,43,102,76.9084,0,0,0,2040
CPS2-CU-T40-Warmup-351.1511,CU,CPS2-CU-T40,Warmup,Double Hoppy,351.1511,510.23,441,500,159.0789,0,0,0,2040
CPS2-CU-T40-Warmup-517.5288,CU,CPS2-CU-T40,Warmup,Annoying Lever,517.5288,777.2889,708,767,259.7601,0,1,1,2040
CPS2-CU-T40-Warmup-792.2889,CU,CPS2-CU-T40,Warmup,Spider Web,792.2889,899.988,840,899,107.6991,0,0,0,2040
CPS2-CU-T43-ExpBlock1-308.3181,CU,CPS2-CU-T43,ExpBlock1,Think Ahead,308.3181,408.9187,339,398,100.6006,0,1,1,2043
CPS2-CU-T43-ExpBlock1-33.7666,CU,CPS2-CU-T43,ExpBlock1,Top spin,33.7666,284.5893,215,274,250.8227,0,1,1,2043
CPS2-CU-T43-ExpBlock1-416.8285,CU,CPS2-CU-T43,ExpBlock1,Trunk Slide,416.8285,647.0299,578,637,230.2014,0,1,1,2043
CPS2-CU-T43-ExpBlock1-745.2488,CU,CPS2-CU-T43,ExpBlock1,Caterpillar,745.2488,834.8528,765,824,89.604,0,1,1,2043
CPS2-CU-T43-ExpBlock2-176.0126,CU,CPS2-CU-T43,ExpBlock2,One at a time,176.0126,440.4355,371,430,264.4229,1,0,1,2043
CPS2-CU-T43-ExpBlock2-26.3251,CU,CPS2-CU-T43,ExpBlock2,Smiley Mouth,26.3251,167.4641,98,157,141.139,1,0,1,2043
CPS2-CU-T43-ExpBlock2-449.5067,CU,CPS2-CU-T43,ExpBlock2,Green Apple,449.5067,716.0779,647,706,266.5712,1,0,1,2043
CPS2-CU-T43-ExpBlock2-722.3495,CU,CPS2-CU-T43,ExpBlock2,Fe2,722.3495,873.1137,804,863,150.7642,0,0,0,2043
CPS2-CU-T43-Warmup-139.8276,CU,CPS2-CU-T43,Warmup,Can Opener,139.8276,338.43,269,328,198.6024,1,0,1,2043
CPS2-CU-T43-Warmup-364.529,CU,CPS2-CU-T43,Warmup,Double Hoppy,364.529,696.3161,627,686,331.7871,0,1,1,2043
CPS2-CU-T43-Warmup-713.8741,CU,CPS2-CU-T43,Warmup,Spider Web,713.8741,900.025,840,899,186.1509,0,0,0,2043
CPS2-CU-T44-ExpBlock1-224.6349,CU,CPS2-CU-T44,ExpBlock1,Trunk Slide,224.6349,595.4387,526,585,370.8038,0,0,0,2044
CPS2-CU-T44-ExpBlock1-25.9544,CU,CPS2-CU-T44,ExpBlock1,Top spin,25.9544,224.6349,155,214,198.6805,0,0,0,2044
CPS2-CU-T44-ExpBlock1-595.4387,CU,CPS2-CU-T44,ExpBlock1,Think Ahead,595.4387,813.3717,744,803,217.933,0,0,0,2044
CPS2-CU-T44-ExpBlock1-813.3717,CU,CPS2-CU-T44,ExpBlock1,Dolphin Show,813.3717,900.004,840,899,86.6323,0,0,0,2044
CPS2-CU-T44-ExpBlock2-204.6366,CU,CPS2-CU-T44,ExpBlock2,Fe2,204.6366,428.9299,359,418,224.2933,0,0,0,2044
CPS2-CU-T44-ExpBlock2-51.0071,CU,CPS2-CU-T44,ExpBlock2,Timing is Everything,51.0071,204.6366,135,194,153.6295,0,0,0,2044
CPS2-CU-T44-ExpBlock2-581.4412,CU,CPS2-CU-T44,ExpBlock2,Timing is Everything,581.4412,725.1598,656,715,143.7186,0,1,1,2044
CPS2-CU-T44-ExpBlock2-728.7139,CU,CPS2-CU-T44,ExpBlock2,Timing is Everything,728.7139,900.005,840,899,171.2911,0,0,0,2044
CPS2-CU-T44-Warmup-196.1933,CU,CPS2-CU-T44,Warmup,Yippie!,196.1933,900.029,840,899,703.8357,0,0,0,2044
CPS2-CU-T44-Warmup-90.2099,CU,CPS2-CU-T44,Warmup,Can Opener,90.2099,180.7975,111,170,90.5876,0,1,1,2044
CPS2-CU-T45-ExpBlock1-59.9006,CU,CPS2-CU-T45,ExpBlock1,Fe2,59.9006,703.0757,634,693,643.1751,0,0,0,2045
CPS2-CU-T45-ExpBlock2-345.2752,CU,CPS2-CU-T45,ExpBlock2,Think Ahead,345.2752,657.9478,588,647,312.6726,0,0,0,2045
CPS2-CU-T45-ExpBlock2-718.4488,CU,CPS2-CU-T45,ExpBlock2,Dolphin Show,718.4488,900.026,840,899,181.5772,0,0,0,2045
CPS2-CU-T45-ExpBlock2-96.5135,CU,CPS2-CU-T45,ExpBlock2,Trunk Slide,96.5135,328.1921,259,318,231.6786,0,1,1,2045
CPS2-CU-T45-Warmup-62.7928,CU,CPS2-CU-T45,Warmup,Can Opener,62.7928,900.009,840,899,837.2162,0,0,0,2045
CPS2-CU-T46-ExpBlock1-428.4263,CU,CPS2-CU-T46,ExpBlock1,One at a time,428.4263,528.2779,459,518,99.8516,0,0,0,2046
CPS2-CU-T46-ExpBlock1-528.2779,CU,CPS2-CU-T46,ExpBlock1,Smiley Mouth,528.2779,713.6232,644,703,185.3453,0,1,1,2046
CPS2-CU-T46-ExpBlock1-793.7086,CU,CPS2-CU-T46,ExpBlock1,Timing is Everything,793.7086,900.01,840,899,106.3014,0,0,0,2046
CPS2-CU-T46-ExpBlock1-84.176,CU,CPS2-CU-T46,ExpBlock1,Fe2,84.176,333.1365,264,323,248.9605,0,0,0,2046
CPS2-CU-T46-ExpBlock2-12.409,CU,CPS2-CU-T46,ExpBlock2,Trunk Slide,12.409,142.1092,73,132,129.7002,0,1,1,2046
CPS2-CU-T46-ExpBlock2-200.9198,CU,CPS2-CU-T46,ExpBlock2,Cloudy Day,200.9198,332.7289,263,322,131.8091,0,1,1,2046
CPS2-CU-T46-ExpBlock2-343.4675,CU,CPS2-CU-T46,ExpBlock2,Dolphin Show,343.4675,461.9002,392,451,118.4327,0,1,1,2046
CPS2-CU-T46-ExpBlock2-472.1213,CU,CPS2-CU-T46,ExpBlock2,Uphill Battle,472.1213,701.723,632,691,229.6017,0,1,1,2046
CPS2-CU-T46-ExpBlock2-764.6091,CU,CPS2-CU-T46,ExpBlock2,Top spin,764.6091,900.023,840,899,135.4139,0,0,0,2046
CPS2-CU-T46-Warmup-150.0977,CU,CPS2-CU-T46,Warmup,Annoying Lever,150.0977,390.265,321,380,240.1673,0,1,1,2046
CPS2-CU-T46-Warmup-451.8801,CU,CPS2-CU-T46,Warmup,Can Opener,451.8801,531.8777,462,521,79.9976,0,1,1,2046
CPS2-CU-T46-Warmup-51.6738,CU,CPS2-CU-T46,Warmup,Spider Web,51.6738,139.95,70,129,88.2762,0,1,1,2046
CPS2-CU-T46-Warmup-556.5374,CU,CPS2-CU-T46,Warmup,Double Hoppy,556.5374,851.2134,782,841,294.676,0,1,1,2046
CPS2-CU-T48-ExpBlock1-15.597000000000001,CU,CPS2-CU-T48,ExpBlock1,Top spin,15.597,169.468,100,159,153.871,0,0,0,2048
CPS2-CU-T48-ExpBlock1-169.468,CU,CPS2-CU-T48,ExpBlock1,Trunk Slide,169.468,653.9536,584,643,484.4856,0,0,0,2048
CPS2-CU-T48-ExpBlock1-653.9536,CU,CPS2-CU-T48,ExpBlock1,Caterpillar,653.9536,899.997,840,899,246.0434,0,0,0,2048
CPS2-CU-T48-ExpBlock2-20.8238,CU,CPS2-CU-T48,ExpBlock2,Scale,20.8238,96.8759,27,86,76.0521,0,0,0,2048
CPS2-CU-T48-ExpBlock2-566.7555,CU,CPS2-CU-T48,ExpBlock2,Green Apple,566.7555,737.1835,668,727,170.428,0,1,1,2048
CPS2-CU-T48-ExpBlock2-791.4058,CU,CPS2-CU-T48,ExpBlock2,Smiley Mouth,791.4058,885.492,816,875,94.0862,1,0,1,2048
CPS2-CU-T48-ExpBlock2-96.8759,CU,CPS2-CU-T48,ExpBlock2,Timing is Everything,96.8759,559.6146,490,549,462.7387,1,0,1,2048
CPS2-CU-T48-Warmup-281.4186,CU,CPS2-CU-T48,Warmup,Spider Web,281.4186,494.5502,425,484,213.1316,0,1,1,2048
CPS2-CU-T48-Warmup-500.4781,CU,CPS2-CU-T48,Warmup,Annoying Lever,500.4781,900.005,840,899,399.5269,0,0,0,2048
CPS2-CU-T48-Warmup-66.4779,CU,CPS2-CU-T48,Warmup,Can Opener,66.4779,273.589,204,263,207.1111,0,1,1,2048
CPS2-CU-T49-ExpBlock1-299.126,CU,CPS2-CU-T49,ExpBlock1,Fe2,299.126,616.7131,547,606,317.5871,0,0,0,2049
CPS2-CU-T49-ExpBlock1-58.5458,CU,CPS2-CU-T49,ExpBlock1,Timing is Everything,58.5458,299.126,230,289,240.5802,0,0,0,2049
CPS2-CU-T49-ExpBlock1-616.7131,CU,CPS2-CU-T49,ExpBlock1,One at a time,616.7131,777.9053,708,767,161.1922,0,1,1,2049
CPS2-CU-T49-ExpBlock2-10.2214,CU,CPS2-CU-T49,ExpBlock2,Top spin,10.2214,194.2665,125,184,184.0451,0,0,0,2049
CPS2-CU-T49-ExpBlock2-194.2665,CU,CPS2-CU-T49,ExpBlock2,Trunk Slide,194.2665,312.5865,243,302,118.32,0,1,1,2049
CPS2-CU-T49-ExpBlock2-317.10400000000004,CU,CPS2-CU-T49,ExpBlock2,Think Ahead,317.104,599.2505,530,589,282.1465,0,0,0,2049
CPS2-CU-T49-ExpBlock2-599.2505,CU,CPS2-CU-T49,ExpBlock2,Caterpillar,599.2505,727.0137,658,717,127.7632,0,0,0,2049
CPS2-CU-T49-ExpBlock2-727.0137,CU,CPS2-CU-T49,ExpBlock2,Dolphin Show,727.0137,883.9481,814,873,156.9344,0,1,1,2049
CPS2-CU-T52-ExpBlock1-13.9813,CU,CPS2-CU-T52,ExpBlock1,Top spin,13.9813,332.3699,263,322,318.3886,0,0,0,2052
CPS2-CU-T52-ExpBlock1-332.3699,CU,CPS2-CU-T52,ExpBlock1,Trunk Slide,332.3699,732.9801,663,722,400.6102,0,0,0,2052
CPS2-CU-T52-ExpBlock1-774.1074,CU,CPS2-CU-T52,ExpBlock1,Think Ahead,774.1074,900.025,840,899,125.9176,0,0,0,2052
CPS2-CU-T52-ExpBlock2-215.0046,CU,CPS2-CU-T52,ExpBlock2,Timing is Everything,215.0046,390.1675,321,380,175.1629,0,1,1,2052
CPS2-CU-T52-ExpBlock2-499.9334,CU,CPS2-CU-T52,ExpBlock2,Fe2,499.9334,883.5236,814,873,383.5902,1,0,1,2052
CPS2-CU-T52-Warmup-62.1834,CU,CPS2-CU-T52,Warmup,Can Opener,62.1834,900.026,840,899,837.8426,0,0,0,2052
CPS2-CU-T53-ExpBlock1-233.5348,CU,CPS2-CU-T53,ExpBlock1,Fe2,233.5348,379.4455,310,369,145.9107,1,0,1,2053
CPS2-CU-T53-ExpBlock1-43.2362,CU,CPS2-CU-T53,ExpBlock1,Timing is Everything,43.2362,157.85,88,147,114.6138,1,0,1,2053
CPS2-CU-T53-ExpBlock2-15.9594,CU,CPS2-CU-T53,ExpBlock2,Top spin,15.9594,310.5969,241,300,294.6375,0,1,1,2053
CPS2-CU-T53-ExpBlock2-315.2323,CU,CPS2-CU-T53,ExpBlock2,Think Ahead,315.2323,519.5535,450,509,204.3212,0,1,1,2053
CPS2-CU-T53-ExpBlock2-547.3496,CU,CPS2-CU-T53,ExpBlock2,Trunk Slide,547.3496,729.0841,660,719,181.7345,0,1,1,2053
CPS2-CU-T53-ExpBlock2-736.9774,CU,CPS2-CU-T53,ExpBlock2,Caterpillar,736.9774,900.007,840,899,163.0296,0,0,0,2053
CPS2-CU-T53-Warmup-20.7444,CU,CPS2-CU-T53,Warmup,Can Opener,20.7444,219.8132,150,209,199.0688,0,1,1,2053
CPS2-CU-T53-Warmup-230.7959,CU,CPS2-CU-T53,Warmup,Yippie!,230.7959,576.8162,507,566,346.0203,0,1,1,2053
CPS2-CU-T53-Warmup-583.8009,CU,CPS2-CU-T53,Warmup,Double Hoppy,583.8009,900.111,840,899,316.3101,0,0,0,2053
CPS2-CU-T54-ExpBlock1-282.5801,CU,CPS2-CU-T54,ExpBlock1,Fe2,282.5801,489.5816,420,479,207.0015,0,0,0,2054
CPS2-CU-T54-ExpBlock1-623.6054,CU,CPS2-CU-T54,ExpBlock1,Fe2,623.6054,900.004,840,899,276.3986,0,0,0,2054
CPS2-CU-T54-ExpBlock1-63.254,CU,CPS2-CU-T54,ExpBlock1,Timing is Everything,63.254,277.8316,208,267,214.5776,0,1,1,2054
CPS2-CU-T54-ExpBlock2-101.3415,CU,CPS2-CU-T54,ExpBlock2,Top spin,101.3415,307.3478,238,297,206.0063,0,1,1,2054
CPS2-CU-T54-ExpBlock2-333.9927,CU,CPS2-CU-T54,ExpBlock2,Trunk Slide,333.9927,489.7417,420,479,155.749,1,0,1,2054
CPS2-CU-T54-ExpBlock2-578.4866,CU,CPS2-CU-T54,ExpBlock2,Dolphin Show,578.4866,866.4118,797,856,287.9252,0,0,0,2054
CPS2-CU-T54-Warmup-40.2034,CU,CPS2-CU-T54,Warmup,Can Opener,40.2034,574.0278,505,564,533.8244,0,1,1,2054
CPS2-CU-T54-Warmup-665.492,CU,CPS2-CU-T54,Warmup,Yippie!,665.492,747.7576,678,737,82.2656,0,1,1,2054
CPS2-CU-T54-Warmup-797.3464,CU,CPS2-CU-T54,Warmup,Double Hoppy,797.3464,900.029,840,899,102.6826,0,0,0,2054
CPS2-CU-T56-ExpBlock1-43.214,CU,CPS2-CU-T56,ExpBlock1,Cloudy Day,43.214,536.3677,467,526,493.1537,0,0,0,2056
CPS2-CU-T56-ExpBlock1-536.3677,CU,CPS2-CU-T56,ExpBlock1,Trunk Slide,536.3677,900.013,840,899,363.6453,0,0,0,2056
CPS2-CU-T56-ExpBlock2-25.6801,CU,CPS2-CU-T56,ExpBlock2,Smiley Mouth,25.6801,200.2589,131,190,174.5788,0,1,1,2056
CPS2-CU-T56-ExpBlock2-265.593,CU,CPS2-CU-T56,ExpBlock2,Fe2,265.593,611.613,542,601,346.02,0,1,1,2056
CPS2-CU-T56-ExpBlock2-700.5846,CU,CPS2-CU-T56,ExpBlock2,Timing is Everything,700.5846,900.014,840,899,199.4294,0,0,0,2056
CPS2-CU-T56-Warmup-279.5895,CU,CPS2-CU-T56,Warmup,Can Opener,279.5895,564.0888,495,554,284.4993,0,0,0,2056
CPS2-CU-T56-Warmup-564.0888,CU,CPS2-CU-T56,Warmup,Yippie!,564.0888,638.6553,569,628,74.5665,0,1,1,2056
CPS2-CU-T56-Warmup-644.4752,CU,CPS2-CU-T56,Warmup,Double Hoppy,644.4752,858.8062,789,848,214.331,0,0,0,2056
CPS2-CU-T57-ExpBlock1-128.77100000000002,CU,CPS2-CU-T57,ExpBlock1,Fe2,128.771,373.027,304,363,244.256,0,0,0,2057
CPS2-CU-T57-ExpBlock1-14.0921,CU,CPS2-CU-T57,ExpBlock1,Scale,14.0921,122.1789,53,112,108.0868,0,1,1,2057
CPS2-CU-T57-ExpBlock1-373.027,CU,CPS2-CU-T57,ExpBlock1,Timing is Everything,373.027,586.9067,517,576,213.8797,0,1,1,2057
CPS2-CU-T57-ExpBlock1-838.1718,CU,CPS2-CU-T57,ExpBlock1,Fe2,838.1718,900.001,840,899,61.8292,0,0,0,2057
CPS2-CU-T57-ExpBlock2-10.7705,CU,CPS2-CU-T57,ExpBlock2,Top spin,10.7705,445.2691,376,435,434.4986,0,0,0,2057
CPS2-CU-T57-ExpBlock2-445.2691,CU,CPS2-CU-T57,ExpBlock2,Trunk Slide,445.2691,817.2948,748,807,372.0257,0,1,1,2057
CPS2-CU-T57-ExpBlock2-825.9091,CU,CPS2-CU-T57,ExpBlock2,Dolphin Show,825.9091,900.019,840,899,74.1099,0,0,0,2057
CPS2-CU-T57-Warmup-105.411,CU,CPS2-CU-T57,Warmup,Can Opener,105.411,900.018,840,899,794.607,0,0,0,2057
CPS2-CU-T60-ExpBlock1-14.5952,CU,CPS2-CU-T60,ExpBlock1,Top spin,14.5952,413.1637,344,403,398.5685,0,1,1,2060
CPS2-CU-T60-ExpBlock1-419.6245,CU,CPS2-CU-T60,ExpBlock1,Trunk Slide,419.6245,810.5661,741,800,390.9416,0,1,1,2060
CPS2-CU-T60-ExpBlock1-816.5342,CU,CPS2-CU-T60,ExpBlock1,Caterpillar,816.5342,900.025,840,899,83.4908,0,0,0,2060
CPS2-CU-T60-ExpBlock2-21.0903,CU,CPS2-CU-T60,ExpBlock2,Fe2,21.0903,900.029,840,899,878.9387,0,0,0,2060
CPS2-CU-T60-Warmup-301.2325,CU,CPS2-CU-T60,Warmup,Spider Web,301.2325,730.3629,661,720,429.1304,0,1,1,2060
CPS2-CU-T60-Warmup-56.5693,CU,CPS2-CU-T60,Warmup,Can Opener,56.5693,293.4289,224,283,236.8596,0,1,1,2060
CPS2-CU-T60-Warmup-812.4338,CU,CPS2-CU-T60,Warmup,Double Hoppy,812.4338,900.026,840,899,87.5922,0,0,0,2060
CPS2-CU-T62-ExpBlock1-212.549,CU,CPS2-CU-T62,ExpBlock1,Fe2,212.549,300.6231,231,290,88.0741,0,1,1,2062
CPS2-CU-T62-ExpBlock1-23.7713,CU,CPS2-CU-T62,ExpBlock1,Timing is Everything,23.7713,202.671,133,192,178.8997,0,1,1,2062
CPS2-CU-T62-ExpBlock1-570.0084,CU,CPS2-CU-T62,ExpBlock1,Fe2,570.0084,693.0565,624,683,123.0481,0,0,0,2062
CPS2-CU-T62-ExpBlock1-693.0565,CU,CPS2-CU-T62,ExpBlock1,Timing is Everything,693.0565,900.024,840,899,206.9675,0,0,0,2062
CPS2-CU-T62-ExpBlock2-10.7472,CU,CPS2-CU-T62,ExpBlock2,Top spin,10.7472,289.7202,220,279,278.973,0,1,1,2062
CPS2-CU-T62-ExpBlock2-370.5452,CU,CPS2-CU-T62,ExpBlock2,Think Ahead,370.5452,484.3941,415,474,113.8489,0,0,0,2062
CPS2-CU-T62-ExpBlock2-484.3941,CU,CPS2-CU-T62,ExpBlock2,Trunk Slide,484.3941,617.9073,548,607,133.5132,0,1,1,2062
CPS2-CU-T62-ExpBlock2-715.4547,CU,CPS2-CU-T62,ExpBlock2,Caterpillar,715.4547,900.002,840,899,184.5473,0,0,0,2062
CPS2-CU-T62-Warmup-308.4078,CU,CPS2-CU-T62,Warmup,Yippie!,308.4078,462.581,393,452,154.1732,0,1,1,2062
CPS2-CU-T62-Warmup-43.2579,CU,CPS2-CU-T62,Warmup,Can Opener,43.2579,308.4078,239,298,265.1499,0,0,0,2062
CPS2-CU-T62-Warmup-477.707,CU,CPS2-CU-T62,Warmup,Double Hoppy,477.707,900.0,840,899,422.293,0,0,0,2062
CPS2-CU-T63-ExpBlock1-126.5046,CU,CPS2-CU-T63,ExpBlock1,Top spin,126.5046,353.8501,284,343,227.3455,0,0,0,2063
CPS2-CU-T63-ExpBlock1-353.8501,CU,CPS2-CU-T63,ExpBlock1,Think Ahead,353.8501,666.9691,597,656,313.119,0,0,0,2063
CPS2-CU-T63-ExpBlock1-666.9691,CU,CPS2-CU-T63,ExpBlock1,Caterpillar,666.9691,900.014,840,899,233.0449,0,0,0,2063
CPS2-CU-T63-ExpBlock2-146.6927,CU,CPS2-CU-T63,ExpBlock2,Fe2,146.6927,520.8933,451,510,374.2006,0,1,1,2063
CPS2-CU-T63-ExpBlock2-530.8435,CU,CPS2-CU-T63,ExpBlock2,Green Apple,530.8435,606.0105,537,596,75.167,1,0,1,2063
CPS2-CU-T63-ExpBlock2-64.7945,CU,CPS2-CU-T63,ExpBlock2,Scale,64.7945,135.6263,66,125,70.8318,0,1,1,2063
CPS2-CU-T63-ExpBlock2-670.3378,CU,CPS2-CU-T63,ExpBlock2,Smiley Mouth,670.3378,787.0821,718,777,116.7443,1,0,1,2063
CPS2-CU-T63-ExpBlock2-799.5164,CU,CPS2-CU-T63,ExpBlock2,Timing is Everything,799.5164,900.004,840,899,100.4876,0,0,0,2063
CPS2-CU-T63-Warmup-31.6378,CU,CPS2-CU-T63,Warmup,Can Opener,31.6378,445.555,376,435,413.9172,0,1,1,2063
CPS2-CU-T63-Warmup-453.5833,CU,CPS2-CU-T63,Warmup,Yippie!,453.5833,727.5598,658,717,273.9765,0,1,1,2063
CPS2-CU-T63-Warmup-775.9217,CU,CPS2-CU-T63,Warmup,Annoying Lever,775.9217,899.996,840,899,124.0743,0,0,0,2063
CPS2-CU-T66-ExpBlock1-132.9891,CU,CPS2-CU-T66,ExpBlock1,Timing is Everything,132.9891,645.2198,576,635,512.2307,0,0,0,2066
CPS2-CU-T66-ExpBlock1-27.5308,CU,CPS2-CU-T66,ExpBlock1,Scale,27.5308,120.6395,51,110,93.1087,0,1,1,2066
CPS2-CU-T66-ExpBlock1-791.4566,CU,CPS2-CU-T66,ExpBlock1,Smiley Mouth,791.4566,900.005,840,899,108.5484,0,0,0,2066
CPS2-CU-T66-ExpBlock2-229.0758,CU,CPS2-CU-T66,ExpBlock2,Uphill Battle,229.0758,481.6593,412,471,252.5835,0,0,0,2066
CPS2-CU-T66-ExpBlock2-481.6593,CU,CPS2-CU-T66,ExpBlock2,Think Ahead,481.6593,900.01,840,899,418.3507,0,0,0,2066
CPS2-CU-T66-ExpBlock2-65.2071,CU,CPS2-CU-T66,ExpBlock2,Cloudy Day,65.2071,211.9245,142,201,146.7174,1,0,1,2066
CPS2-CU-T66-Warmup-578.2112,CU,CPS2-CU-T66,Warmup,Spider Web,578.2112,759.4936,690,749,181.2824,1,0,1,2066
CPS2-CU-T66-Warmup-75.5646,CU,CPS2-CU-T66,Warmup,Can Opener,75.5646,570.2226,501,560,494.658,1,0,1,2066
CPS2-CU-T66-Warmup-766.7302,CU,CPS2-CU-T66,Warmup,Annoying Lever,766.7302,900.056,840,899,133.3258,0,0,0,2066
CPS2-CU-T68-ExpBlock1-15.7737,CU,CPS2-CU-T68,ExpBlock1,Top spin,15.7737,295.7196,226,285,279.9459,0,0,0,2068
CPS2-CU-T68-ExpBlock1-392.9169,CU,CPS2-CU-T68,ExpBlock1,Dolphin Show,392.9169,614.7769,545,604,221.86,0,0,0,2068
CPS2-CU-T68-ExpBlock1-614.7769,CU,CPS2-CU-T68,ExpBlock1,Caterpillar,614.7769,749.5828,680,739,134.8059,0,0,0,2068
CPS2-CU-T68-ExpBlock1-749.5828,CU,CPS2-CU-T68,ExpBlock1,Think Ahead,749.5828,900.004,840,899,150.4212,0,0,0,2068
CPS2-CU-T68-ExpBlock2-108.7428,CU,CPS2-CU-T68,ExpBlock2,Fe2,108.7428,442.4092,373,432,333.6664,0,1,1,2068
CPS2-CU-T68-ExpBlock2-21.0707,CU,CPS2-CU-T68,ExpBlock2,Scale,21.0707,103.3228,34,93,82.2521,1,0,1,2068
CPS2-CU-T68-ExpBlock2-618.7768,CU,CPS2-CU-T68,ExpBlock2,Smiley Mouth,618.7768,708.8438,639,698,90.067,1,0,1,2068
CPS2-CU-T68-ExpBlock2-735.8273,CU,CPS2-CU-T68,ExpBlock2,Fe2,735.8273,900.024,840,899,164.1967,0,0,0,2068
CPS2-CU-T68-Warmup-25.7604,CU,CPS2-CU-T68,Warmup,Can Opener,25.7604,900.0,840,899,874.2396,0,0,0,2068
CPS2-CU-T69-ExpBlock1-126.4789,CU,CPS2-CU-T69,ExpBlock1,Timing is Everything,126.4789,337.434,268,327,210.9551,0,0,0,2069
CPS2-CU-T69-ExpBlock1-337.434,CU,CPS2-CU-T69,ExpBlock1,Fe2,337.434,555.823,486,545,218.389,0,0,0,2069
CPS2-CU-T69-ExpBlock1-596.9309,CU,CPS2-CU-T69,ExpBlock1,One at a time,596.9309,684.7635,615,674,87.8326,0,1,1,2069
CPS2-CU-T69-ExpBlock1-711.2566,CU,CPS2-CU-T69,ExpBlock1,Smiley Mouth,711.2566,809.063,740,799,97.8064,1,0,1,2069
CPS2-CU-T69-ExpBlock1-832.7117,CU,CPS2-CU-T69,ExpBlock1,Fe2,832.7117,899.995,840,899,67.2833,0,0,0,2069
CPS2-CU-T69-ExpBlock2-32.3325,CU,CPS2-CU-T69,ExpBlock2,Top spin,32.3325,440.624,371,430,408.2915,0,1,1,2069
CPS2-CU-T69-ExpBlock2-449.5125,CU,CPS2-CU-T69,ExpBlock2,Trunk Slide,449.5125,789.6474,720,779,340.1349,0,0,0,2069
CPS2-CU-T69-ExpBlock2-789.6474,CU,CPS2-CU-T69,ExpBlock2,Cloudy Day,789.6474,900.014,840,899,110.3666,0,0,0,2069
CPS2-CU-T69-Warmup-539.7496,CU,CPS2-CU-T69,Warmup,Annoying Lever,539.7496,890.7536,821,880,351.004,0,1,1,2069
CPS2-CU-T69-Warmup-62.3463,CU,CPS2-CU-T69,Warmup,Double Hoppy,62.3463,523.4159,454,513,461.0696,0,1,1,2069
CPS2-CU-T70-ExpBlock1-215.9239,CU,CPS2-CU-T70,ExpBlock1,Timing is Everything,215.9239,300.3507,231,290,84.4268,0,1,1,2070
CPS2-CU-T70-ExpBlock1-361.0013,CU,CPS2-CU-T70,ExpBlock1,Smiley Mouth,361.0013,504.5075,435,494,143.5062,0,1,1,2070
CPS2-CU-T70-ExpBlock1-510.1774,CU,CPS2-CU-T70,ExpBlock1,Fe2,510.1774,899.981,840,899,389.8036,0,0,0,2070
CPS2-CU-T70-ExpBlock1-88.9557,CU,CPS2-CU-T70,ExpBlock1,Fe2,88.9557,209.6783,140,199,120.7226,0,0,0,2070
CPS2-CU-T70-ExpBlock2-14.4172,CU,CPS2-CU-T70,ExpBlock2,Top spin,14.4172,164.6614,95,154,150.2442,0,1,1,2070
CPS2-CU-T70-ExpBlock2-171.3508,CU,CPS2-CU-T70,ExpBlock2,Trunk Slide,171.3508,411.405,342,401,240.0542,0,1,1,2070
CPS2-CU-T70-ExpBlock2-424.2971,CU,CPS2-CU-T70,ExpBlock2,Think Ahead,424.2971,681.2189,612,671,256.9218,0,1,1,2070
CPS2-CU-T70-ExpBlock2-768.9468,CU,CPS2-CU-T70,ExpBlock2,Caterpillar,768.9468,900.017,840,899,131.0702,0,0,0,2070
CPS2-CU-T70-Warmup-276.1076,CU,CPS2-CU-T70,Warmup,Yippie!,276.1076,372.8047,303,362,96.6971,1,0,1,2070
CPS2-CU-T70-Warmup-387.5915,CU,CPS2-CU-T70,Warmup,Double Hoppy,387.5915,900.015,840,899,512.4235,0,0,0,2070
CPS2-CU-T70-Warmup-99.5705,CU,CPS2-CU-T70,Warmup,Can Opener,99.5705,211.437,142,201,111.8665,1,0,1,2070
CPS2-CU-T71-ExpBlock1-319.8525,CU,CPS2-CU-T71,ExpBlock1,Dolphin Show,319.8525,900.019,840,899,580.1665,0,0,0,2071
CPS2-CU-T71-ExpBlock1-67.8077,CU,CPS2-CU-T71,ExpBlock1,Trunk Slide,67.8077,319.8525,250,309,252.0448,0,0,0,2071
CPS2-CU-T71-ExpBlock2-143.7532,CU,CPS2-CU-T71,ExpBlock2,Fe2,143.7532,400.6633,331,390,256.9101,0,1,1,2071
CPS2-CU-T71-ExpBlock2-37.012,CU,CPS2-CU-T71,ExpBlock2,Scale,37.012,138.174,69,128,101.162,0,1,1,2071
CPS2-CU-T71-ExpBlock2-447.6278,CU,CPS2-CU-T71,ExpBlock2,Smiley Mouth,447.6278,654.0155,585,644,206.3877,0,1,1,2071
CPS2-CU-T71-ExpBlock2-768.7043,CU,CPS2-CU-T71,ExpBlock2,Timing is Everything,768.7043,900.036,840,899,131.3317,0,0,0,2071
CPS2-CU-T71-Warmup-324.6296,CU,CPS2-CU-T71,Warmup,Yippie!,324.6296,447.6709,378,437,123.0413,0,1,1,2071
CPS2-CU-T71-Warmup-454.0428,CU,CPS2-CU-T71,Warmup,Spider Web,454.0428,618.0744,549,608,164.0316,0,1,1,2071
CPS2-CU-T71-Warmup-627.1388,CU,CPS2-CU-T71,Warmup,Annoying Lever,627.1388,900.009,840,899,272.8702,0,0,0,2071
CPS2-CU-T71-Warmup-83.7726,CU,CPS2-CU-T71,Warmup,Can Opener,83.7726,324.6296,255,314,240.857,0,0,0,2071
